Sr. No.,Symbol,Company Name,"Market capitalization 
(Rs in Lakhs)"
0,NIFTY,NIFTY,0
0,BANKNIFTY,BANKNIFTY,0
1,RELIANCE,Reliance Industries Limited,0
2,TCS,Tata Consultancy Services Limited,126985361
3,HDFCBANK,HDFC Bank Limited,117550304
4,INFY,Infosys Limited,82341586
5,HINDUNILVR,Hindustan Unilever Limited,58277398
6,HDFC,Housing Development Finance Corporation Limited,57129664
7,ICICIBANK,ICICI Bank Limited,44996047
8,KOTAKBANK,Kotak Mahindra Bank Limited,40254860
9,SBIN,State Bank of India,34737830
10,BAJFINANCE,Bajaj Finance Limited,32512360
11,BHARTIARTL,Bharti Airtel Limited,31032344
12,ITC,ITC Limited,28410257
13,HCLTECH,HCL Technologies Limited,26892695
14,ASIANPAINT,Asian Paints Limited,26665830
15,WIPRO,Wipro Limited,24338685
16,AXISBANK,Axis Bank Limited,22691736
17,MARUTI,Maruti Suzuki India Limited,21365557
18,LT,Larsen & Toubro Limited,20720275
19,ULTRACEMCO,UltraTech Cement Limited,19927530
20,DMART,Avenue Supermarts Limited,19448517
21,ADANIGREEN,Adani Green Energy Limited,18520202
22,BAJAJFINSV,Bajaj Finserv Limited,17280012
23,SUNPHARMA,Sun Pharmaceutical Industries Limited,15386363
24,ADANIPORTS,Adani Ports and Special Economic Zone Limited,14343224
25,HDFCLIFE,HDFC Life Insurance Company Limited,14271024
26,TITAN,Titan Company Limited,14069812
27,ONGC,Oil & Natural Gas Corporation Limited,13832152
28,HINDZINC,Hindustan Zinc Limited,12850755
29,ADANIENT,Adani Enterprises Limited,11530896
30,JSWSTEEL,JSW Steel Limited,11340692
31,POWERGRID,Power Grid Corporation of India Limited,11323469
32,SHREECEM,SHREE CEMENT LIMITED,11281923
33,BAJAJ_AUTO,Bajaj Auto Limited,10631337
34,ATGL,Adani Total Gas Limited,10621506
35,NTPC,NTPC Limited,10571924
36,TATAMOTORS,Tata Motors Limited,10331798
37,ADANITRANS,Adani Transmission Limited,10020689
38,M_M,Mahindra & Mahindra Limited,9990675
39,DIVISLAB,Divi's Laboratories Limited,9886489
40,TECHM,Tech Mahindra Limited,9617396
41,DABUR,Dabur India Limited,9599814
42,GRASIM,Grasim Industries Limited,9552934
43,BPCL,Bharat Petroleum Corporation Limited,9543908
44,PIDILITIND,Pidilite Industries Limited,9283317
45,TATASTEEL,Tata Steel Limited,9194527
46,SBILIFE,SBI Life Insurance Company Limited,9145405
47,BRITANNIA,Britannia Industries Limited,8809114
48,SBICARD,SBI Cards and Payment Services Limited,8731596
49,IOC,Indian Oil Corporation Limited,8730428
50,VEDL,Vedanta Limited,8646905
51,COALINDIA,Coal India Limited,8503087
52,DRREDDY,Dr. Reddy's Laboratories Limited,8033116
53,GODREJCP,Godrej Consumer Products Limited,7510125
54,BERGEPAINT,Berger Paints (I) Limited,7460571
55,INDUSINDBK,IndusInd Bank Limited,7430407
56,HINDALCO,Hindalco Industries Limited,7379380
57,EICHERMOT,Eicher Motors Limited,7343287
58,DLF,DLF Limited,7117531
59,LTI,Larsen & Toubro Infotech Limited,7105392
60,INDUSTOWER,Indus Towers Limited,7082721
61,HAVELLS,Havells India Limited,6602596
62,CIPLA,Cipla Limited,6575641
63,SIEMENS,Siemens Limited,6573459
64,ICICIGI,ICICI Lombard General Insurance Company Limited,6566858
65,ICICIPRULI,ICICI Prudential Life Insurance Company Limited,6515142
66,MOTHERSUMI,Motherson Sumi Systems Limited,6398660
67,INDIGO,InterGlobe Aviation Limited,6361659
68,HDFCAMC,HDFC Asset Management Company Limited,6280780
69,AMBUJACEM,Ambuja Cements Limited,6215944
70,GAIL,GAIL (India) Limited,6132665
71,TATACONSUM,TATA CONSUMER PRODUCTS LIMITED,6111242
72,HEROMOTOCO,Hero MotoCorp Limited,5887794
73,NAUKRI,Info Edge (India) Limited,5820796
74,BANDHANBNK,Bandhan Bank Limited,5512669
75,MARICO,Marico Limited,5458267
76,AUROPHARMA,Aurobindo Pharma Limited,5311291
77,BIOCON,Biocon Limited,5163877
78,UPL,UPL Limited,4906800
79,MUTHOOTFIN,Muthoot Finance Limited,4904026
80,LUPIN,Lupin Limited,4837940
81,CHOLAFIN,Cholamandalam Investment and Finance Company Limited,4629278
82,CADILAHC,Cadila Healthcare Limited,4582319
83,TORNTPHARM,Torrent Pharmaceuticals Limited,4513681
84,COLPAL,Colgate Palmolive (India) Limited,4306803
85,HONAUT,Honeywell Automation India Limited,4241208
86,APOLLOHOSP,Apollo Hospitals Enterprise Limited,4197942
87,BOSCHLTD,Bosch Limited,4173565
88,IDBI,IDBI Bank Limited,4155182
89,PGHH,Procter & Gamble Hygiene and Health Care Limited,4145051
90,GLAND,Gland Pharma Limited,4115680
91,MCDOWELL_N,United Spirits Limited,4052037
92,NMDC,NMDC Limited,4042654
93,PEL,Piramal Enterprises Limited,3966575
94,GODREJPROP,Godrej Properties Limited,3954026
95,YESBANK,Yes Bank Limited,3909964
96,JUBLFOOD,Jubilant Foodworks Limited,3908565
97,PNB,Punjab National Bank,3841553
98,AUBANK,AU Small Finance Bank Limited,3840071
99,BANKBARODA,Bank of Baroda,3831997
100,GUJGASLTD,Gujarat Gas Limited,3831979
101,BAJAJHLDNG,Bajaj Holdings & Investment Limited,3782360
102,CONCOR,Container Corporation of India Limited,3664951
103,SRTRANSFIN,Shriram Transport Finance Company Limited,3643580
104,IGL,Indraprastha Gas Limited,3599294
105,ACC,ACC Limited,3586454
106,JINDALSTEL,Jindal Steel & Power Limited,3574061
107,GICRE,General Insurance Corporation of India,3504775
108,MRF,MRF Limited,3498274
109,HINDPETRO,Hindustan Petroleum Corporation Limited,3488741
110,MINDTREE,MindTree Limited,3443440
111,3MINDIA,3M India Limited,3432595
116,Zomato,Zomato LTD,
112,PIIND,PI Industries Limited,3428710
113,PAGEIND,Page Industries Limited,3425917
114,PETRONET,Petronet LNG Limited,3381570
115,ASHOKLEY,Ashok Leyland Limited,3369750
116,HAL,Hindustan Aeronautics Limited,3331823
117,MPHASIS,MphasiS Limited,3326988
118,VOLTAS,Voltas Limited,3322802
119,ALKEM,Alkem Laboratories Limited,3315300
120,TATAPOWER,Tata Power Company Limited,3311711
121,UBL,United Breweries Limited,3299188
122,ADANIPOWER,Adani Power Limited,3282458
123,BALKRISIND,Balkrishna Industries Limited,3280327
124,SAIL,Steel Authority of India Limited,3264161
125,ASTRAL,Astral Poly Technik Limited,3254854
126,KANSAINER,Kansai Nerolac Paints Limited,3248377
127,SRF,SRF Limited,3239177
128,IDFCFIRSTB,IDFC First Bank Limited,3205640
129,BEL,Bharat Electronics Limited,3161448
130,TATACOMM,Tata Communications Limited,3048178
131,PFC,Power Finance Corporation Limited,3028980
132,IRFC,Indian Railway Finance Corporation Limited,3003093
133,ABB,ABB India Limited,2992688
134,DALBHARAT,Dalmia Bharat Limited,2988014
135,MFSL,Max Financial Services Limited,2968125
136,VBL,Varun Beverages Limited,2965879
137,ABCAPITAL,Aditya Birla Capital Limited,2895404
138,SUNDARMFIN,Sundaram Finance Limited,2881232
139,WHIRLPOOL,Whirlpool of India Limited,2855869
140,IRCTC,Indian Railway Catering And Tourism Corporation Limited,2824928
141,LTTS,L&T Technology Services Limited,2811200
142,TVSMOTOR,TVS Motor Company Limited,2787736
143,BHARATFORG,Bharat Forge Limited,2779497
144,OFSS,Oracle Financial Services Software Limited,2774675
145,TRENT,Trent Limited,2752962
146,IDEA,Vodafone Idea Limited,2669889
147,IOB,Indian Overseas Bank,2658024
148,SUPREMEIND,Supreme Industries Limited,2629918
149,RECLTD,REC Limited,2594778
150,CUMMINSIND,Cummins India Limited,2590105
151,NIACL,The New India Assurance Company Limited,2549270
152,CANBK,Canara Bank,2543688
153,CROMPTON,Crompton Greaves Consumer Electricals Limited,2506336
154,M_MFIN,Mahindra & Mahindra Financial Services Limited,2463271
155,NHPC,NHPC Limited,2458087
156,GLAXO,GlaxoSmithKline Pharmaceuticals Limited,2456011
157,IPCALAB,IPCA Laboratories Limited,2440717
158,L_TFH,L&T Finance Holdings Limited,2414947
159,RAMCOCEM,The Ramco Cements Limited,2366964
160,INDIAMART,Indiamart Intermesh Limited,2364915
161,TIINDIA,Tube Investments of India Limited,2349530
162,AARTIIND,Aarti Industries Limited,2300980
163,COROMANDEL,Coromandel International Limited,2295452
164,DEEPAKNTR,Deepak Nitrite Limited,2272365
165,LALPATHLAB,Dr. Lal Path Labs Ltd.,2259351
166,JKCEMENT,JK Cement Limited,2256187
167,BANKINDIA,Bank of India,2238654
168,UNIONBANK,Union Bank of India,2223392
169,RELAXO,Relaxo Footwears Limited,2181531
170,SYNGENE,Syngene International Limited,2177347
171,LICHSGFIN,LIC Housing Finance Limited,2173800
172,EMAMILTD,Emami Limited,2160967
173,DIXON,Dixon Technologies (India) Limited,2160337
174,ATUL,Atul Limited,2150755
175,OBEROIRLTY,Oberoi Realty Limited,2095666
176,NAM_INDIA,Nippon Life India Asset Management Limited,2091258
177,PFIZER,Pfizer Limited,2081577
178,POLYCAB,Polycab India Limited,2070039
179,ENDURANCE,Endurance Technologies Limited,2057080
180,TORNTPOWER,Torrent Power Limited,2048262
181,MAXHEALTH,Max Healthcare Institute Limited,2036854
182,ZEEL,Zee Entertainment Enterprises Limited,1987432
183,LAURUSLABS,Laurus Labs Limited,1951745
184,AIAENG,AIA Engineering Limited,1942501
185,GILLETTE,Gillette India Limited,1936114
186,TATACHEM,Tata Chemicals Limited,1922544
187,AAVAS,Aavas Financiers Limited,1915258
188,RUCHI,Ruchi Soya Industries Limited,1900477
189,APLLTD,Alembic Pharmaceuticals Limited,1899299
190,SUNTV,Sun TV Network Limited,1896736
191,GODREJIND,Godrej Industries Limited,1853380
192,SANOFI,Sanofi India Limited,1836586
193,BATAINDIA,Bata India Limited,1815861
194,COFORGE,Coforge Limited,1807354
195,APLAPOLLO,APL Apollo Tubes Limited,1773365
196,ESCORTS,Escorts Limited,1749264
197,ABFRL,Aditya Birla Fashion and Retail Limited,1736400
198,SCHAEFFLER,Schaeffler India Limited,1705838
199,BHEL,Bharat Heavy Electricals Limited,1701225
200,SUNDRMFAST,Sundram Fasteners Limited,1697506
201,TATAELXSI,Tata Elxsi Limited,1681973
202,THERMAX,Thermax Limited,1677042
203,HATSUN,Hatsun Agro Product Limited,1600924
204,EXIDEIND,Exide Industries Limited,1562511
205,AJANTPHARM,Ajanta Pharma Limited,1560600
206,GSPL,Gujarat State Petronet Limited,1550563
207,LINDEINDIA,Linde India Limited,1542272
208,FEDERALBNK,The Federal Bank  Limited,1534690
209,NATCOPHARM,Natco Pharma Limited,1513737
210,FORTIS,Fortis Healthcare Limited,1505290
211,KAJARIACER,Kajaria Ceramics Limited,1503499
212,MINDAIND,Minda Industries Limited,1474522
213,PERSISTENT,Persistent Systems Limited,1474126
214,GMRINFRA,GMR Infrastructure Limited,1468927
215,AMARAJABAT,Amara Raja Batteries Limited,1466735
216,SUMICHEM,Sumitomo Chemical India Limited,1458397
217,JSWENERGY,JSW Energy Limited,1451017
218,VINATIORGA,Vinati Organics Limited,1443188
219,APOLLOTYRE,Apollo Tyres Limited,1438897
220,RAJESHEXPO,Rajesh Exports Limited,1420721
221,AFFLE,Affle (India) Limited,1413705
222,MAHABANK,Bank of Maharashtra,1391541
223,NAVINFLUOR,Navin Fluorine International Limited,1364513
224,PHOENIXLTD,The Phoenix Mills Limited,1363310
225,CRISIL,CRISIL Limited,1341642
226,OIL,Oil India Limited,1336611
227,BLUEDART,Blue Dart Express Limited,1331650
228,INDHOTEL,The Indian Hotels Company Limited,1322678
229,GLENMARK,Glenmark Pharmaceuticals Limited,1315932
230,INDIANB,Indian Bank,1311235
231,SUVENPHAR,Suven Pharmaceuticals Limited,1311195
232,MANAPPURAM,Manappuram Finance Limited,1264679
233,ZYDUSWELL,Zydus Wellness Limited,1262776
234,VAIBHAVGBL,Vaibhav Global Limited,1254540
235,WABCOINDIA,WABCO India Limited,1250083
236,RBLBANK,RBL Bank Limited,1249973
237,CASTROLIND,Castrol India Limited,1241167
238,ISEC,ICICI Securities Limited,1239370
239,PRESTIGE,Prestige Estates Projects Limited,1233467
240,ALKYLAMINE,Alkyl Amines Chemicals Limited,1225033
241,SOLARINDS,Solar Industries India Limited,1162851
242,MGL,Mahanagar Gas Limited,1160671
243,CUB,City Union Bank Limited,1154663
244,METROPOLIS,Metropolis Healthcare Limited,1152193
245,INDIGOPNTS,Indigo Paints Limited,1145630
246,CHOLAHLDNG,Cholamandalam Financial Holdings Limited,1139682
247,BAJAJELEC,Bajaj Electricals Limited,1124836
248,AMBER,Amber Enterprises India Limited,1118565
249,SKFINDIA,SKF India Limited,1117234
250,TANLA,Tanla Platforms Limited,1112058
251,HINDCOPPER,Hindustan Copper Limited,1106793
252,UCOBANK,UCO Bank,1106561
253,IIFLWAM,Iifl Wealth Management Limited,1091017
254,JUBLPHARMA,Jubilant Pharmova Limited,1089219
255,VGUARD,V-Guard Industries Limited,1084864
256,ITI,ITI Limited,1083812
257,IIFL,IIFL Finance Limited,1073085
258,KEC,KEC International Limited,1067762
259,GRINDWELL,Grindwell Norton Limited,1056248
260,AEGISCHEM,Aegis Logistics Limited,1054276
261,AKZOINDIA,Akzo Nobel India Limited,1048262
262,CREDITACC,CREDITACCESS GRAMEEN LIMITED,1045628
263,QUESS,Quess Corp Limited,1043369
264,PGHL,Procter & Gamble Health Limited,1031980
265,SJVN,SJVN Limited,1029519
266,NATIONALUM,National Aluminium Company Limited,1023712
267,GODREJAGRO,Godrej Agrovet Limited,1008366
268,TTKPRESTIG,TTK Prestige Limited,1006073
269,ALOKINDS,Alok Industries Limited,1004938
270,GRAPHITE,Graphite India Limited,1000496
271,IEX,Indian Energy Exchange Limited,1000323
272,INTELLECT,Intellect Design Arena Limited,996924
273,ORCHPHARMA,Orchid Pharma Limited,983332
274,TIMKEN,Timken India Limited,982675
275,JBCHEPHARM,JB Chemicals & Pharmaceuticals Limited,975211
276,CARBORUNIV,Carborundum Universal Limited,970238
277,SFL,Sheela Foam Limited,965580
278,CENTRALBK,Central Bank of India,964461
279,CHAMBLFERT,Chambal Fertilizers & Chemicals Limited,957717
280,MOTILALOFS,Motilal Oswal Financial Services Limited,953324
281,IBULHSGFIN,Indiabulls Housing Finance Limited,915929
282,GALAXYSURF,Galaxy Surfactants Limited,908516
283,SHRIRAMCIT,Shriram City Union Finance Limited,902944
284,BLUESTARCO,Blue Star Limited,900167
285,BASF,BASF India Limited,899764
286,CGPOWER,CG Power and Industrial Solutions Limited,895905
287,RATNAMANI,Ratnamani Metals & Tubes Limited,895121
288,DHANI,Dhani Services Limited,888673
289,SYMPHONY,Symphony Limited,886080
290,HUDCO,Housing & Urban Development Corporation Limited,884921
291,KIOCL,KIOCL Limited,877833
292,NBCC,NBCC (India) Limited,871515
293,NH,Narayana Hrudayalaya Ltd.,842400
294,ERIS,Eris Lifesciences Limited,829398
295,CANFINHOME,Can Fin Homes Limited,821473
296,ROUTE,ROUTE MOBILE LIMITED,817233
297,WELSPUNIND,Welspun India Limited,813646
298,JMFINANCIL,JM Financial Limited,812320
299,DBL,Dilip Buildcon Limited,805247
300,HAPPSTMNDS,Happiest Minds Technologies Limited,793265
301,FSL,Firstsource Solutions Limited,793137
302,FINPIPE,Finolex Industries Limited,792747
303,POLYMED,Poly Medicure Limited,789247
304,CESC,CESC Limited,788474
305,DCMSHRIRAM,DCM Shriram Limited,786792
306,BBTC,Bombay Burmah Trading Corporation Limited,781505
307,STLTECH,Sterlite Technologies Limited,774747
308,STAR,Strides Pharma Science Limited,770252
309,IDFC,IDFC Limited,757366
310,ASAHIINDIA,Asahi India Glass Limited,755876
311,ASTRAZEN,AstraZeneca Pharma India Limited,752971
312,GRANULES,Granules India Limited,752325
313,RADICO,Radico Khaitan Limited,751569
314,VTL,Vardhman Textiles Limited,748049
315,EPL,EPL Limited,746421
316,PVR,PVR Limited,745501
317,REDINGTON,Redington (India) Limited,745016
318,UTIAMC,UTI Asset Management Company Limited,742574
319,KPRMILL,K.P.R. Mill Limited,739170
320,BIRLACORPN,Birla Corporation Limited,733824
321,LAXMIMACH,Lakshmi Machine Works Limited,731435
322,JCHAC,Johnson Controls - Hitachi Air Conditioning India Limited,725515
323,TRIDENT,Trident Limited,721265
324,CYIENT,Cyient Limited,715982
325,CENTURYPLY,Century Plyboards (India) Limited,712388
326,BSOFT,BIRLASOFT LIMITED,707066
327,KALYANKJIL,Kalyan Jewellers India Limited,701672
328,FINEORG,Fine Organic Industries Limited,701466
329,NLCINDIA,NLC India Limited,700228
330,ASTERDM,Aster DM Healthcare Limited,698865
331,EQUITASBNK,Equitas Small Finance Bank Limited,686581
332,CDSL,Central Depository Services (India) Limited,686282
333,MRPL,Mangalore Refinery and Petrochemicals Limited,685572
334,CGCL,Capri Global Capital Limited,680885
335,PNCINFRA,PNC Infratech Limited,665296
336,ORIENTELEC,Orient Electric Limited,661615
337,PRSMJOHNSN,Prism Johnson Limited,660852
338,AARTIDRUGS,Aarti Drugs Limited,659649
339,TEAMLEASE,Teamlease Services Limited,647088
340,MMTC,MMTC Limited,644830
341,FLUOROCHEM,Gujarat Fluorochemicals Limited,635250
342,INFIBEAM,Infibeam Avenues Limited,631802
343,PNBHOUSING,PNB Housing Finance Limited,631585
344,CEATLTD,CEAT Limited,630837
345,GMMPFAUDLR,GMM Pfaudler Limited,629626
346,SUNCLAYLTD,Sundaram Clayton Limited,629459
347,ZENSARTECH,Zensar Technologies Limited,623411
348,MAHINDCIE,Mahindra CIE Automotive Limited,617876
349,BDL,Bharat Dynamics Limited,611189
350,RVNL,Rail Vikas Nigam Limited,609502
351,ELGIEQUIP,Elgi Equipments Limited,606741
352,KNRCON,KNR Constructions Limited,604504
353,SEQUENT,Sequent Scientific Limited,600155
354,VAKRANGEE,Vakrangee Limited,598326
355,EDELWEISS,Edelweiss Financial Services Limited,593797
356,BRIGADE,Brigade Enterprises Limited,592360
357,FINCABLES,Finolex Cables Limited,586024
358,EIHOTEL,EIH Limited,582622
359,POWERINDIA,ABB Power Products and Systems India Limited,581276
360,RITES,RITES Limited,579336
361,SIS,SIS LIMITED,578647
362,TATASTLBSL,Tata Steel Bsl Limited,577514
363,BALAMINES,Balaji Amines Limited,570229
364,HEG,HEG Limited,570031
365,AVANTIFEED,Avanti Feeds Limited,565058
366,EIDPARRY,EID Parry India Limited,564670
367,KALPATPOWR,Kalpataru Power Transmission Limited,563803
368,VMART,V-Mart Retail Limited,561388
369,ROSSARI,Rossari Biotech Limited,548915
370,SONATSOFTW,Sonata Software Limited,537755
371,JUSTDIAL,Just Dial Limited,535471
372,HEIDELBERG,HeidelbergCement India Limited,533924
373,GARFIBRES,Garware Technical Fibres Limited,529368
374,UJJIVANSFB,Ujjivan Small Finance Bank Limited,529299
375,TATAINVEST,Tata Investment Corporation Limited,527134
376,VSTIND,VST Industries Limited,523914
377,BEML,BEML Limited,523342
378,CENTURYTEX,Century Textiles & Industries Limited,522951
379,INDIACEM,The India Cements Limited,519441
380,SCI,Shipping Corporation Of India Limited,518613
381,JKLAKSHMI,JK Lakshmi Cement Limited,515640
382,CERA,Cera Sanitaryware Limited,509453
383,JYOTHYLAB,Jyothy Labs Limited,508179
384,VIPIND,VIP Industries Limited,502341
385,SOLARA,Solara Active Pharma Sciences Limited,500475
386,TV18BRDCST,TV18 Broadcast Limited,500277
387,COCHINSHIP,Cochin Shipyard Limited,492879
388,BURGERKING,Burger King India Limited,492356
389,VARROC,Varroc Engineering Limited,492320
390,RALLIS,Rallis India Limited,491860
391,ANURAS,Anupam Rasayan India Limited,491617
392,KPITTECH,KPIT Technologies Limited,488770
393,FDC,FDC Limited,486742
394,NCC,NCC Limited,482628
395,RAIN,Rain Industries Limited,481779
396,THYROCARE,Thyrocare Technologies Limited,480470
397,GODFRYPHLP,Godfrey Phillips India Limited,477245
398,KEI,KEI Industries Limited,476134
399,GPPL,Gujarat Pipavav Port Limited,469674
400,GNFC,Gujarat Narmada Valley Fertilizers and Chemicals Limited,469178
401,MASFIN,MAS Financial Services Limited,466567
402,LXCHEM,Laxmi Organic Industries Limited,466322
403,GESHIP,The Great Eastern Shipping Company Limited,460092
404,PRINCEPIPE,Prince Pipes And Fittings Limited,459564
405,WOCKPHARMA,Wockhardt Limited,459303
406,HATHWAY,Hathway Cable & Datacom Limited,458689
407,BALRAMCHIN,Balrampur Chini Mills Limited,454917
408,IFBIND,IFB Industries Limited,450450
409,NAZARA,Nazara Technologies Limited,450387
410,RESPONIND,Responsive Industries Limited,446530
411,KARURVYSYA,Karur Vysya Bank Limited,446011
412,LUXIND,Lux Industries Limited,444328
413,ENGINERSIN,Engineers India Limited,441511
414,DELTACORP,Delta Corp Limited,432773
415,MAZDOCK,Mazagon Dock Shipbuilders Limited,432650
416,RCF,Rashtriya Chemicals and Fertilizers Limited,428188
417,JSWHL,JSW Holdings Limited,427282
418,SUZLON,Suzlon Energy Limited,427208
419,KRBL,KRBL Limited,425401
420,MAHLOG,Mahindra Logistics Limited,422525
421,IRCON,Ircon International Limited,415509
422,SWSOLAR,Sterling And Wilson Solar Limited,415238
423,SOBHA,Sobha Limited,414450
424,JUBLINGREA,Jubilant Ingrevia Limited,414429
425,SUNTECK,Sunteck Realty Limited,413653
426,MAHSCOOTER,Maharashtra Scooters Limited,410490
427,RAILTEL,Railtel Corporation Of India Limited,407720
428,CSBBANK,CSB Bank Limited,406950
429,BHARATRAS,Bharat Rasayan Limited,403979
430,STARCEMENT,Star Cement Limited,400044
431,SUPPETRO,Supreme Petrochem Limited,399025
432,HOMEFIRST,Home First Finance Company India Limited,392959
433,HEMIPROP,Hemisphere Properties India Limited,391842
434,SPANDANA,Spandana Sphoorty Financial Limited,391733
435,AGCNET,AGC Networks Limited,389880
436,INDOSTAR,IndoStar Capital Finance Limited,386369
437,ADVENZYMES,Advanced Enzyme Technologies Limited,386348
438,SUPRAJIT,Suprajit Engineering Limited,385407
439,ECLERX,eClerx Services Limited,385349
440,BAJAJCON,Bajaj Consumer Care Limited,384832
441,IRB,IRB Infrastructure Developers Limited,383457
442,NETWORK18,Network18 Media & Investments Limited,381675
443,FACT,Fertilizers and Chemicals Travancore Limited,381089
444,SPARC,Sun Pharma Advanced Research Company Limited,380235
445,NESCO,Nesco Limited,372469
446,IBREALEST,Indiabulls Real Estate Limited,370760
447,TASTYBITE,Tasty Bite Eatables Limited,368732
448,TCIEXP,TCI Express Limited,366272
449,GULFOILLUB,Gulf Oil Lubricants India Limited,363898
450,WELCORP,Welspun Corp Limited,363335
451,HGS,Hinduja Global Solutions Limited,360934
452,SUDARSCHEM,Sudarshan Chemical Industries Limited,360383
453,MOIL,MOIL Limited,358701
454,PRAJIND,Praj Industries Limited,357297
455,TATASTLLP,Tata Steel Long Products Limited,357022
456,TECHNOE,Techno Electric & Engineering Company Limited,349908
457,PAISALO,Paisalo Digital Limited,337535
458,PRIVISCL,Privi Speciality Chemicals Limited,334108
459,MIDHANI,Mishra Dhatu Nigam Limited,333615
460,SWANENERGY,Swan Energy Limited,331311
461,ITDC,India Tourism Development Corporation Limited,331090
462,JSL,Jindal Stainless Limited,329397
463,TRITURBINE,Triveni Turbine Limited,329371
464,PHILIPCARB,Phillips Carbon Black Limited,329125
465,JINDALPOLY,Jindal Poly Films Limited,328821
466,GSFC,Gujarat State Fertilizers & Chemicals Limited,324282
467,KSCL,Kaveri Seed Company Limited,323962
468,IOLCP,IOL Chemicals and Pharmaceuticals Limited,323884
469,HFCL,HFCL Limited,323379
470,DHANUKA,Dhanuka Agritech Limited,323021
471,INOXLEISUR,INOX Leisure Limited,321251
472,BORORENEW,BOROSIL RENEWABLES LIMITED,321198
473,DCBBANK,DCB Bank Limited,320181
474,ICRA,ICRA Limited,318595
475,MTARTECH,Mtar Technologies Limited,315595
476,KSB,Ksb Limited,314886
477,TCNSBRANDS,TCNS Clothing Co. Limited,311965
478,CCL,CCL Products (India) Limited,311796
479,MASTEK,Mastek Limited,311219
480,CAPLIPOINT,Caplin Point Laboratories Limited,307753
481,ALLCARGO,Allcargo Logistics Limited,305181
482,CHALET,Chalet Hotels Limited,303188
483,CRAFTSMAN,Craftsman Automation Limited,299950
484,EQUITAS,Equitas Holdings Limited,299906
485,GET_D,GE T&D India Limited,298212
486,MAGMA,Magma Fincorp Limited,297782
487,MEGH,Meghmani Organics Limited,296848
488,GREAVESCOT,Greaves Cotton Limited,296530
489,JSLHISAR,Jindal Stainless (Hisar) Limited,295135
490,GAEL,Gujarat Ambuja Exports Limited,295036
491,LEMONTREE,Lemon Tree Hotels Limited,293205
492,MAHLIFE,Mahindra Lifespace Developers Limited,293131
493,NILKAMAL,Nilkamal Limited,292550
494,SURYODAY,Suryoday Small Finance Bank Limited,291101
495,NOCIL,NOCIL Limited,290480
496,ASHOKA,Ashoka Buildcon Limited,290452
497,MHRIL,Mahindra Holidays & Resorts India Limited,286057
498,SAREGAMA,Saregama India Limited,280997
499,TTML,Tata Teleservices (Maharashtra) Limited,278091
500,ESABINDIA,Esab India Limited,275645
501,UFLEX,UFLEX Limited,275497
502,SHILPAMED,Shilpa Medicare Limited,272996
504,POLYPLEX,Polyplex Corporation Limited,272137
505,JAMNAAUTO,Jamna Auto Industries Limited,270917
506,JKTYRE,JK Tyre & Industries Limited,270358
507,NEULANDLAB,Neuland Laboratories Limited,268392
508,NFL,National Fertilizers Limited,268042
509,INDOCO,Indoco Remedies Limited,265403
510,ALEMBICLTD,Alembic Limited,264978
511,ICIL,Indo Count Industries Limited,264357
512,SHARDACROP,Sharda Cropchem Limited,259877
513,TATAMETALI,Tata Metaliks Limited,258752
514,BSE,BSE Limited,257672
515,UJJIVAN,Ujjivan Financial Services Limited,257134
516,JKPAPER,JK Paper Limited,255843
517,GPIL,Godawari Power And Ispat limited,253849
518,GUJALKALI,Gujarat Alkalies and Chemicals Limited,253296
519,HERANBA,Heranba Industries Limited,253239
520,LAOPALA,La Opala RG Limited,252565
521,RUPA,Rupa & Company Limited,246198
522,RAYMOND,Raymond Limited,244379
523,MINDACORP,Minda Corporation Limited,240697
524,HCG,Healthcare Global Enterprises Limited,240275
525,ANGELBRKG,Angel Broking Limited,238794
526,JINDALSAW,Jindal Saw Limited,238279
527,KIRLOSENG,Kirloskar Oil Engines Limited,237098
528,SHOPERSTOP,Shoppers Stop Limited,236588
529,DEN,Den Networks Limited,235122
530,DEEPAKFERT,Deepak Fertilizers and Petrochemicals Corporation Limited,235033
531,BEPL,Bhansali Engineering Polymers Limited,232666
532,FRETAIL,Future Retail Limited,232517
533,PTC,PTC India Limited,231284
534,HIL,HIL Limited,230146
535,IFCI,IFCI Limited,228433
536,RELIGARE,Religare Enterprises Limited,227519
537,GREENLAM,Greenlam Industries Limited,226987
538,SCHNEIDER,Schneider Electric Infrastructure Limited,226230
539,EASEMYTRIP,Easy Trip Planners Limited,225714
540,TATACOFFEE,Tata Coffee Limited,225004
541,JPPOWER,Jaiprakash Power Ventures Limited,224031
542,RAMCOIND,Ramco Industries Limited,222737
543,GDL,Gateway Distriparks Limited,222421
544,BALMLAWRIE,Balmer Lawrie & Company Limited,221584
545,MATRIMONY,Matrimony.Com Limited,220167
546,VENKEYS,Venky's (India) Limited,219414
547,UNICHEMLAB,Unichem Laboratories Limited,219143
548,GHCL,GHCL Limited,218680
549,INGERRAND,Ingersoll Rand (India) Limited,218055
550,SUVIDHAA,Suvidhaa Infoserve Limited,215594
551,GRSE,Garden Reach Shipbuilders & Engineers Limited,213052
552,HUHTAMAKI,Huhtamaki India Limited,211749
553,REPCOHOME,Repco Home Finance Limited,211386
554,MSTCLTD,Mstc Limited,210863
555,VRLLOG,VRL Logistics Limited,210109
556,GREENPLY,Greenply Industries Limited,209642
557,JTEKTINDIA,Jtekt India Limited,209141
558,MARKSANS,Marksans Pharma Limited,205730
559,TRIVENI,Triveni Engineering & Industries Limited,204452
560,ATFL,Agro Tech Foods Limited,204283
561,SUBROS,Subros Limited,203008
562,NEOGEN,Neogen Chemicals Limited,201644
563,AHLUCONT,Ahluwalia Contracts (India) Limited,200864
564,ORIENTCEM,Orient Cement Limited,200427
565,SUBEXLTD,Subex Limited,200362
566,JBMA,JBM Auto Limited,199792
567,BANARISUG,Bannari Amman Sugars Limited,199388
568,NEWGEN,Newgen Software Technologies Limited,198673
569,BECTORFOOD,Mrs. Bectors Food Specialities Limited,198010
570,TCI,Transport Corporation of India Limited,197741
571,OAL,Oriental Aromatics Limited,197491
572,ASTEC,Astec LifeSciences Limited,197378
573,GREENPANEL,Greenpanel Industries Limited,196528
574,SHIL,Somany Home Innovation Limited,196388
575,NIITLTD,NIIT Limited,196321
576,EVEREADY,Eveready Industries India Limited,196294
577,VESUVIUS,Vesuvius India Limited,196256
578,RENUKA,Shree Renuka Sugars Limited,195502
579,HGINFRA,H.G. Infra Engineering Limited,194757
580,GEPIL,GE Power India Limited,194275
581,BOROLTD,Borosil Limited,192943
582,KIRLOSBROS,Kirloskar Brothers Limited,192691
583,KTKBANK,The Karnataka Bank Limited,190026
584,SURYAROSNI,Surya Roshni Limited,189941
585,DAAWAT,LT Foods Limited,187657
586,MAYURUNIQ,Mayur Uniquoters Ltd,187109
587,THOMASCOOK,Thomas Cook  (India)  Limited,185799
588,MAHSEAMLES,Maharashtra Seamless Limited,185733
589,NAVNETEDUL,Navneet Education Limited,184450
590,DFMFOODS,DFM Foods Limited,183325
591,J_KBANK,The Jammu & Kashmir Bank Limited,183061
592,APARINDS,Apar Industries Limited,183000
593,SOMANYCERA,Somany Ceramics Limited,181891
594,CAMLINFINE,Camlin Fine Sciences Limited,181003
595,ADFFOODS,ADF Foods Limited,179072
596,OLECTRA,Olectra Greentech Limited,178913
597,SHRIPISTON,Shriram Pistons & Rings Limited,178361
598,HIKAL,Hikal Limited,178127
599,GMDCLTD,Gujarat Mineral Development Corporation Limited,176998
600,ACE,Action Construction Equipment Limited,175695
601,PILANIINVS,Pilani Investment and Industries Corporation Limited,175161
602,HSCL,Himadri Speciality Chemical Limited,174886
603,PDSMFL,PDS Multinational Fashions Limited,174433
604,KOLTEPATIL,Kolte - Patil Developers Limited,172520
605,PFOCUS,Prime Focus Limited,171884
606,DCAL,Dishman Carbogen Amcis Limited,171320
607,ARVIND,Arvind Limited,170894
608,DISHTV,Dish TV India Limited,170501
609,JPASSOCIAT,Jaiprakash Associates Limited,170316
610,TINPLATE,The Tinplate Company of India Limited,168652
611,SAGCEM,Sagar Cements Limited,168044
612,RKFORGE,Ramkrishna Forgings Limited,168037
613,PSPPROJECT,PSP Projects Limited,167212
614,PURVA,Puravankara Limited,166788
615,AMRUTANJAN,Amrutanjan Health Care Limited,166005
616,JAGRAN,Jagran Prakashan Limited,165928
617,INEOSSTYRO,INEOS Styrolution India Limited,165205
618,HESTERBIO,Hester Biosciences Limited,163678
619,RAMCOSYS,Ramco Systems Limited,163000
620,WELENT,Welspun Enterprises Limited,162597
621,ANANTRAJ,Anant Raj Limited,161930
622,AUTOAXLES,Automotive Axles Limited,160385
623,WSTCSTPAPR,West Coast Paper Mills Limited,159764
624,SWARAJENG,Swaraj Engines Limited,159475
625,TVTODAY,TV Today Network Limited,159262
626,SHK,S H Kelkar and Company Limited,158361
627,DBCORP,D.B.Corp Limited,157502
628,MAITHANALL,Maithan Alloys Limited,157202
629,FMGOETZE,Federal-Mogul Goetze (India) Limited.,156475
630,WABAG,VA Tech Wabag Limited,156382
631,VSTTILLERS,V.S.T Tillers Tractors Limited,156005
632,INOXWIND,Inox Wind Limited,154902
633,DALMIASUG,Dalmia Bharat Sugar and Industries Limited,154899
634,JAICORPLTD,Jai Corp Limited,151114
635,SARDAEN,Sarda Energy & Minerals Limited,151057
636,TIDEWATER,Tide Water Oil Company (India) Limited,150902
637,LUMAXIND,Lumax Industries Limited,150643
638,SOUTHBANK,The South Indian Bank Limited,150213
639,CHEMCON,Chemcon Speciality Chemicals Limited,149302
640,STOVEKRAFT,Stove Kraft Limited,149288
641,CHENNPETRO,Chennai Petroleum Corporation Limited,149152
642,GABRIEL,Gabriel India Limited,149135
643,ORISSAMINE,The Orissa Minerals Development Company Limited,148169
644,TEJASNET,Tejas Networks Limited,147960
645,FILATEX,Filatex India Limited,147901
646,JKIL,J.Kumar Infraprojects Limited,147506
647,BOMDYEING,Bombay Dyeing & Mfg Company Limited,146526
648,MOREPENLAB,Morepen Laboratories Limited,144987
649,HMT,HMT Limited,144274
650,HIMATSEIDE,Himatsingka Seide Limited,143728
651,IIFLSEC,IIFL Securities Limited,142615
652,KIRIINDUS,Kiri Industries Limited,141622
653,NUCLEUS,Nucleus Software Exports Limited,139963
654,KSL,Kalyani Steels Limited,139729
655,DIAMONDYD,Prataap Snacks Limited,139100
656,SOTL,Savita Oil Technologies Limited,138232
657,ARVINDFASN,Arvind Fashions Limited,137474
658,CAPACITE,Capacit'e Infraprojects Limited,137124
659,TIMETECHNO,Time Technoplast Limited,136971
660,HERITGFOOD,Heritage Foods Limited,136932
661,RSYSTEMS,R Systems International Limited,136549
662,TVSSRICHAK,TVS Srichakra Limited,135967
663,SAFARI,Safari Industries (India) Limited,135913
664,ASHIANA,Ashiana Housing Limited,135718
665,GTPL,GTPL Hathway Limited,134695
666,ITDCEM,ITD Cementation India Limited,134674
667,SASKEN,Sasken Technologies Limited,133737
668,DOLLAR,Dollar Industries Limited,131597
669,APOLLOPIPE,Apollo Pipes Limited,130702
670,INDIAGLYCO,India Glycols Limited,129573
671,GANECOS,Ganesha Ecosphere Limited,129078
672,HINDOILEXP,Hindustan Oil Exploration Company Limited,128695
673,ACCELYA,Accelya Solutions India Limited,128524
674,PRAKASH,Prakash Industries Limited,127605
675,IGPL,IG Petrochemicals Limited,127314
676,PCJEWELLER,PC Jeweller Limited,127306
677,JMCPROJECT,JMC Projects (India)  Limited,126124
678,RTNPOWER,RattanIndia Power Limited,126097
679,GATI,GATI Limited,125964
680,OMAXE,Omaxe Limited,125299
681,GENUSPOWER,Genus Power Infrastructures Limited,124189
682,SANDHAR,Sandhar Technologies Limited,124176
683,PSB,Punjab & Sind Bank,123602
684,JSWISPL,JSW Ispat Special Products Limited,123385
685,NBVENTURES,Nava Bharat Ventures Limited,123021
686,CONFIPET,Confidence Petroleum India Limited,122471
687,IMFA,Indian Metals & Ferro Alloys Limited,122130
688,RPOWER,Reliance Power Limited,122031
689,HCC,Hindustan Construction Company Limited,122023
690,DHAMPURSUG,Dhampur Sugar Mills Limited,121799
691,CARERATING,CARE Ratings Limited,121290
692,3IINFOTECH,3i Infotech Limited,121086
693,KIRLOSIND,Kirloskar Industries Limited,120441
694,GEOJITFSL,Geojit Financial Services Limited,120013
695,QUICKHEAL,Quick Heal Technologies Limited,119783
696,MMFL,MM Forgings Limited,119743
697,FCONSUMER,Future Consumer Limited,119304
698,MTNL,Mahanagar Telephone Nigam Limited,119222
699,CENTRUM,Centrum Capital Limited,118125
700,MUKANDLTD,Mukand Limited,117113
701,SHARDAMOTR,Sharda Motor Industries Limited,117084
702,PFS,PTC India Financial Services Limited,116789
703,DIGISPICE,DiGiSPICE Technologies Limited,115932
704,SUNDARMHLD,Sundaram Finance Holdings Limited,115551
705,GIPCL,Gujarat Industries Power Company Limited,114839
706,DPSCLTD,DPSC Limited,114573
707,IFGLEXPOR,IFGL Refractories Limited,113446
708,SUNFLAG,Sunflag Iron And Steel Company Limited,113127
709,COSMOFILMS,Cosmo Films Limited,112907
710,ASTRAMICRO,Astra Microwave Products Limited,112725
711,NXTDIGITAL,NXTDIGITAL LIMITED,112292
712,SEAMECLTD,Seamec Limited,111670
713,VOLTAMP,Voltamp Transformers Limited,111463
714,LUMAXTECH,Lumax Auto Technologies Limited,110788
715,BODALCHEM,Bodal Chemicals Limited,110552
716,PANACEABIO,Panacea Biotec Limited,110219
717,MOLDTKPAC,Mold-Tek Packaging Limited,109578
718,SSWL,Steel Strips Wheels Limited,109122
719,WHEELS,Wheels India Limited,108978
720,SHALBY,Shalby Limited,108892
721,WONDERLA,Wonderla Holidays Limited,108874
722,JETAIRWAYS,Jet Airways (India) Limited,108712
723,ELECTCAST,Electrosteel Castings Limited,108429
724,GOCLCORP,GOCL Corporation Limited,108239
725,KCP,KCP Limited,108217
726,PUNJABCHEM,Punjab Chemicals & Crop Protection Limited,107971
727,SADBHAV,Sadbhav Engineering Limited,107325
728,KKCL,Kewal Kiran Clothing Limited,106889
729,SANGHIIND,Sanghi Industries Limited,106821
730,YAARII,Yaarii Digital Integrated Services Limited,106675
731,VIDHIING,Vidhi Specialty Food Ingredients Limited,106342
732,EXCELINDUS,Excel Industries Limited,106108
733,NRBBEARING,NRB Bearing Limited,106040
734,SMSPHARMA,SMS Pharmaceuticals Limited,105500
735,OPTIEMUS,Optiemus Infracom Limited,105180
736,DREDGECORP,Dredging Corporation of India Limited,103878
737,BFINVEST,BF Investment Limited,103810
738,MANINFRA,Man Infraconstruction Limited,103774
739,GALLISPAT,Gallantt Ispat Limited,103208
740,SESHAPAPER,Seshasayee Paper and Boards Limited,103203
741,MANALIPETC,Manali Petrochemicals Limited,102044
742,BLISSGVS,Bliss GVS Pharma Limited,101910
743,TNPL,Tamil Nadu Newsprint & Papers Limited,101651
744,USHAMART,Usha Martin Limited,101428
745,INDORAMA,Indo Rama Synthetics (India) Limited,100717
746,BANCOINDIA,Banco Products (I) Limited,100659
747,KESORAMIND,Kesoram Industries Limited,100519
748,GTLINFRA,GTL Infrastructure Limited,100170
749,HSIL,HSIL Limited,99973
750,BUTTERFLY,Butterfly Gandhimathi Appliances Limited,99375
751,FLFL,Future Lifestyle Fashions Limited,99330
752,INSECTICID,Insecticides (India) Limited,98668
753,SHANTIGEAR,Shanthi Gears Limited,98027
754,FAIRCHEMOR,Fairchem Organics Limited,97583
755,ESTER,Ester Industries Limited,97579
756,VINDHYATEL,Vindhya Telelinks Limited,97362
757,HONDAPOWER,Honda India Power Products Limited,97177
758,JINDWORLD,Jindal Worldwide Limited,97013
759,TIIL,Technocraft Industries (India) Limited,96350
760,LGBBROSLTD,LG Balakrishnan & Bros Limited,96257
761,SHAKTIPUMP,Shakti Pumps (India) Limited,95920
762,BLS,BLS International Services Limited,94943
763,SHANKARA,Shankara Building Products Limited,94459
764,PRABHAT,Prabhat Dairy Limited,93968
765,APCOTEXIND,Apcotex Industries Limited,93574
766,BFUTILITIE,BF Utilities Limited,93139
767,HBLPOWER,HBL Power Systems Limited,92662
768,RELINFRA,Reliance Infrastructure Limited,92445
769,ONMOBILE,OnMobile Global Limited,92309
770,OCCL,Oriental Carbon & Chemicals Limited,92113
771,GLOBUSSPR,Globus Spirits Limited,91599
772,JISLJALEQS,Jain Irrigation Systems Limited,91438
773,ASHAPURMIN,Ashapura Minechem Limited,91331
774,SUVEN,Suven Life Sciences Limited,90900
775,RPSGVENT,RPSG VENTURES LIMITED,89925
776,TEXINFRA,Texmaco Infrastructure & Holdings Limited,89383
777,GUFICBIO,Gufic Biosciences Limited,89199
778,PARAGMILK,Parag Milk Foods Limited,89115
779,CIGNITITEC,Cigniti Technologies Limited,88783
780,SHREDIGCEM,Shree Digvijay Cement Co.Ltd,88263
781,EKC,Everest Kanto Cylinder Limited,87937
782,PANAMAPET,Panama Petrochem Limited,87859
783,TIRUMALCHM,Thirumalai Chemicals Limited,87746
784,SIYSIL,Siyaram Silk Mills Limited,87593
785,ANDHRAPAP,ANDHRA PAPER LIMITED,87366
786,PNBGILTS,PNB Gilts Limited,87116
787,ARSHIYA,Arshiya Limited,86585
788,SIRCA,Sirca Paints India Limited,86584
789,POWERMECH,Power Mech Projects Limited,86570
790,CLNINDIA,Clariant Chemicals (India) Limited,85896
791,IGARASHI,Igarashi Motors India Limited,85784
792,TARC,Anant Raj Global Limited,85770
793,MANGCHEFER,Mangalore Chemicals & Fertilizers Limited,85725
794,PRICOLLTD,Pricol Limited,85568
795,IMPAL,India Motor Parts and Accessories Limited,85317
796,RANEHOLDIN,Rane Holdings Limited,84964
797,SHAREINDIA,Share India Securities Limited,84275
798,MPSLTD,MPS Limited,83898
799,INDNIPPON,India Nippon Electricals Limited,83555
800,INDIANHUME,Indian Hume Pipe Company Limited,83439
801,MAXVIL,Max Ventures and Industries Limited,83232
802,ACRYSIL,Acrysil Limited,82623
803,POKARNA,Pokarna Limited,82194
804,SATIA,Satia Industries Limited,81649
805,RADIOCITY,Music Broadcast Limited,81450
806,MARINE,Marine Electricals (India) Limited,81409
807,SRIPIPES,Srikalahasthi Pipes Limited,80714
808,THANGAMAYL,Thangamayil Jewellery Limited,80485
809,GFLLIMITED,GFL Limited,80280
810,RAJRATAN,Rajratan Global Wire Limited,80136
811,PGEL,PG Electroplast Limited,79563
812,ANDHRSUGAR,The Andhra Sugars Limited,79473
813,VISAKAIND,Visaka Industries Limited,78841
814,SMCGLOBAL,SMC Global Securities Limited,77980
815,NCLIND,NCL Industries Limited,77893
816,GMBREW,GM Breweries Limited,77755
817,ASALCBR,Associated Alcohols & Breweries Ltd.,76163
818,APTECHT,Aptech Limited,76059
819,GOLDIAM,Goldiam International Limited,75790
820,EMAMIPAP,Emami Paper Mills Limited,75616
821,MANGLMCEM,Mangalam Cement Limited,74958
822,KARDA,Karda Constructions Limited,74956
823,NACLIND,NACL Industries Limited,74477
824,SNOWMAN,Snowman Logistics Limited,73876
825,FIEMIND,Fiem Industries Limited,73185
826,GNA,GNA Axles Limited,73175
827,FOSECOIND,Foseco India Limited,73036
828,FCL,Fineotex Chemical Limited,73004
829,XCHANGING,Xchanging Solutions Limited,72872
830,TEXRAIL,Texmaco Rail & Engineering Limited,71633
831,EIHAHOTELS,EIH Associated Hotels Limited,71445
832,ELECON,Elecon Engineering Company Limited,71433
833,KINGFA,Kingfa Science & Technology (India) Limited,71247
834,AARTISURF,Aarti Surfactants Limited,70761
836,STERTOOLS,Sterling Tools Limited,70623
837,BAJAJHIND,Bajaj Hindusthan Sugar Limited,70481
838,TTKHLTCARE,TTK Healthcare Limited,70281
839,KELLTONTEC,Kellton Tech Solutions Limited,69903
840,ENIL,Entertainment Network (India) Limited,69395
841,SADBHIN,Sadbhav Infrastructure Project Limited,69217
842,BHAGERIA,Bhageria Industries Limited,68860
843,KICL,Kalyani Investment Company Limited,68849
844,AVTNPL,AVT Natural Products Limited,68684
845,TAJGVK,Taj GVK Hotels & Resorts Limited,68528
846,AWHCL,Antony Waste Handling Cell Limited,68501
847,DCW,DCW Limited,68427
848,DATAMATICS,Datamatics Global Services Limited,68390
849,JAYNECOIND,Jayaswal Neco Industries Limited,67998
850,TAKE,Take Solutions Limited,67695
851,KITEX,Kitex Garments Limited,66422
852,SMLISUZU,SML Isuzu Limited,65669
853,APEX,Apex Frozen Foods Limited,65477
854,VADILALIND,Vadilal Industries Limited,64813
855,SUTLEJTEX,Sutlej Textiles and Industries Limited,64378
856,RPGLIFE,RPG Life Sciences Limited,64303
857,5PAISA,5Paisa Capital Limited,64072
858,SPENCERS,Spencer's Retail Limited,63713
859,BBL,Bharat Bijlee Limited,63638
860,WENDT,Wendt (India) Limited,63170
861,LIKHITHA,Likhitha Infrastructure Limited,62942
862,CEREBRAINT,Cerebra Integrated Technologies Limited,62903
863,GICHSGFIN,GIC Housing Finance Limited,62835
864,SKIPPER,Skipper Limited,62763
865,GRAVITA,Gravita India Limited,62680
866,RBL,Rane Brake Lining Limited,62479
867,CANTABIL,Cantabil Retail India Limited,62093
868,ZENTEC,Zen Technologies Limited,61735
869,TIPSINDLTD,TIPS Industries Limited,61541
870,MUTHOOTCAP,Muthoot Capital Services Limited,61517
871,NURECA,Nureca Limited,60206
872,DYNAMATECH,Dynamatic Technologies Limited,60106
873,PLASTIBLEN,Plastiblends India Limited,60085
874,SPIC,Southern Petrochemicals Industries Corporation  Limited,59801
875,UNIENTER,Uniphos Enterprises Limited,59768
876,DYNPRO,Dynemic Products Limited,59288
877,ALICON,Alicon Castalloy Limited,59027
878,KUANTUM,Kuantum Papers Limited,59014
879,DBREALTY,D B Realty Limited,58903
880,SUMMITSEC,Summit Securities Limited,58869
881,ANUP,The Anup Engineering Limited,58859
882,DECCANCE,Deccan Cements Limited,58107
883,DWARKESH,Dwarikesh Sugar Industries Limited,58089
884,BALAJITELE,Balaji Telefilms Limited,57997
885,HARITASEAT,Harita Seating Systems Limited,57948
886,NATHBIOGEN,Nath Bio-Genes (India) Limited,57215
887,KABRAEXTRU,Kabra Extrusion Technik Limited,57050
888,VSSL,Vardhman Special Steels Limited,56515
889,VHL,Vardhman Holdings Limited,56001
890,NELCAST,Nelcast Limited,55990
891,MUNJALSHOW,Munjal Showa Limited,55898
892,RGL,Renaissance Global Limited,55473
893,CENTENKA,Century Enka Limited,55430
894,KOKUYOCMLN,Kokuyo Camlin Limited,55391
895,RIIL,Reliance Industrial Infrastructure Limited,55067
896,MIRZAINT,Mirza International Limited,55047
897,PATELENG,Patel Engineering Limited,54799
898,NSIL,Nalwa Sons Investments Limited,54458
899,EXPLEOSOL,Expleo Solutions Limited,54407
900,MUNJALAU,Munjal Auto Industries Limited,54015
901,RAMKY,Ramky Infrastructure Limited,53700
902,APCL,Anjani Portland Cement Limited,53628
903,UNIDT,United Drilling Tools Limited,53555
904,TWL,Titagarh Wagons Limited,53306
905,GAYAPROJ,Gayatri Projects Limited,53187
906,EBIXFOREX,EBIXCASH WORLD MONEY INDIA LIMITED,53164
907,SHALPAINTS,Shalimar Paints Limited,53152
908,BALAXI,BALAXI PHARMACEUTICALS LIMITED,53133
909,ORIENTPPR,Orient Paper & Industries Limited,52450
910,ARMANFIN,Arman Financial Services Limited,52198
911,RML,Rane (Madras) Limited,51749
912,AMBIKCO,Ambika Cotton Mills Limited,51069
913,SALASAR,Salasar Techno Engineering Limited,50981
914,TFCILTD,Tourism Finance Corporation of India Limited,50363
915,JAYBARMARU,Jay Bharat Maruti Limited,49722
916,INDRAMEDCO,Indraprastha Medical Corporation Limited,49297
917,DHFL,Dewan Housing Finance Corporation Limited,49228
918,SANDESH,The Sandesh Limited,49113
919,CENTUM,Centum Electronics Limited,49084
920,SUULD,Suumaya Industries Limited,48685
921,HTMEDIA,HT Media Limited,48544
922,ALLSEC,Allsec Technologies Limited,48412
923,NBIFIN,N. B. I. Industrial Finance Company Limited,48298
924,RICOAUTO,Rico Auto Industries Limited,48117
925,STEELXIND,STEEL EXCHANGE INDIA LIMITED,48026
926,THEINVEST,The Investment Trust Of India Limited,47339
927,RCOM,Reliance Communications Limited,47090
928,MONTECARLO,Monte Carlo Fashions Limited,47014
929,NAVKARCORP,Navkar Corporation Limited,46906
930,BINDALAGRO,Oswal Chemicals & Fertilizers Limited,46887
931,TDPOWERSYS,TD Power Systems Limited,45969
932,MANINDS,Man Industries (India) Limited,45843
933,KOPRAN,Kopran Limited,45483
934,NITINSPIN,Nitin Spinners Limited,45437
935,LINCOLN,Lincoln Pharmaceuticals Limited,45398
936,EVERESTIND,Everest Industries Limited,44970
937,PRECWIRE,Precision Wires India Limited,44814
938,SATIN,Satin Creditcare Network Limited,44786
939,STCINDIA,The State Trading Corporation of India Limited,44649
940,ASIANTILES,Asian Granito India Limited,44640
941,VISHWARAJ,Vishwaraj Sugar Industries Limited,44581
942,HMVL,Hindustan Media Ventures Limited,44485
943,RSWM,RSWM Limited,44056
944,TNPETRO,Tamilnadu PetroProducts Limited,43946
945,UNIVCABLES,Universal Cables Limited,43906
946,SANGHVIMOV,Sanghvi Movers Limited,43634
947,SORILINFRA,SORIL Infra Resources Limited,43483
948,HITECH,Hi-Tech Pipes Limited,43470
949,GULPOLY,Gulshan Polyols Limited,43393
950,UNITECH,Unitech Limited,43187
951,NELCO,NELCO Limited,43169
952,V2RETAIL,V2 Retail Limited,43047
953,INDSWFTLAB,Ind-Swift Laboratories Limited,42921
954,REPRO,Repro India Limited,42513
955,SHREEPUSHK,Shree Pushkar Chemicals & Fertilisers Limited,42257
956,BCG,Brightcom Group Limited,42246
957,AJMERA,Ajmera Realty & Infra India Limited,41881
958,NECLIFE,Nectar Lifesciences Limited,41748
959,BLKASHYAP,B. L. Kashyap and Sons Limited,41713
960,RUSHIL,Rushil Decor Limited,41706
961,TBZ,Tribhovandas Bhimji Zaveri Limited,41678
962,THEJO,Thejo Engineering Limited,41473
963,HEXATRADEX,Hexa Tradex Limited,41111
964,JAYAGROGN,Jayant Agro Organics Limited,40964
965,ADORWELD,Ador Welding Limited,40905
966,PILITA,PIL ITALICA LIFESTYLE LIMITED,40891
967,MADRASFERT,Madras Fertilizers Limited,40890
968,ORIENTHOT,Oriental Hotels Limited,40839
969,TCPLPACK,TCPL Packaging Limited,40721
970,SRHHYPOLTD,Sree Rayalaseema Hi-Strength Hypo Limited,40577
971,JAIBALAJI,Jai Balaji Industries Limited,40518
972,NRAIL,N R Agarwal Industries Limited,40480
973,KANORICHEM,Kanoria Chemicals & Industries Limited,40225
974,MAHEPC,Mahindra EPC Irrigation Limited,39783
975,CONTROLPR,Control Print Limited,39662
976,SPAL,S. P. Apparels Limited,39425
977,ATULAUTO,Atul Auto Limited,39335
978,HINDCOMPOS,Hindustan Composites Limited,39223
979,SHRIRAMEPC,Shriram EPC Limited,38968
980,KAYA,Kaya Limited,38861
981,ROSSELLIND,Rossell India Limited,38702
982,ZUARI,Zuari Agro Chemicals Limited,38476
983,ASAHISONG,Asahi Songwon Colors Limited,38231
984,IFBAGRO,IFB Agro Industries Limited,38132
985,SAKSOFT,Saksoft Limited,37801
986,PRECAM,Precision Camshafts Limited,37764
987,NAGAFERT,Nagarjuna Fertilizers and Chemicals Limited,37709
988,NAHARSPING,Nahar Spinning Mills Limited,37678
989,KAMDHENU,Kamdhenu Limited,37526
990,DHANBANK,Dhanlaxmi Bank Limited,37508
991,DLINKINDIA,D-Link (India) Limited,37446
992,PARSVNATH,Parsvnath Developers Limited,37369
993,SCHAND,S Chand And Company Limited,37208
994,PGIL,Pearl Global Industries Limited,37196
995,AVADHSUGAR,Avadh Sugar & Energy Limited,37164
996,SASTASUNDR,Sastasundar Ventures Limited,37114
997,TI,Tilaknagar Industries Limited,37107
998,NDTV,New Delhi Television Limited,36940
999,HLVLTD,HLV LIMITED,36394
1000,FEL,Future Enterprises Limited,36257
1001,DICIND,DIC India Limited,36167
1002,JASH,Jash Engineering Limited,36041
1003,VIMTALABS,Vimta Labs Limited,35732
1004,HERCULES,Hercules Hoists Limited,35682
1005,XELPMOC,Xelpmoc Design And Tech Limited,35648
1006,AKASH,Akash Infra-Projects Limited,35600
1007,GALLANTT,Gallantt Metal Limited,35470
1008,VIPULLTD,Vipul Limited,35457
1009,REPL,Rudrabhishek Enterprises Limited,35395
1010,SREEL,Sreeleathers Limited,35084
1011,GANDHITUBE,Gandhi Special Tubes Limited,34924
1012,INFOBEAN,InfoBeans Technologies Limited,34919
1013,UTTAMSUGAR,Uttam Sugar Mills Limited,34715
1014,DVL,Dhunseri Ventures Limited,34706
1015,MAXIND,Max India Limited,34534
1016,ARVSMART,Arvind SmartSpaces Limited,34504
1017,ZOTA,Zota Health Care LImited,34451
1018,VENUSREM,Venus Remedies Limited,34016
1019,VISHNU,Vishnu Chemicals Limited,33916
1020,ZEELEARN,Zee Learn Limited,33903
1021,GOKEX,Gokaldas Exports Limited,33751
1022,KDDL,KDDL Limited,33480
1023,CYBERTECH,Cybertech Systems And Software Limited,33442
1024,URJA,Urja Global Limited,33326
1025,MANAKSIA,Manaksia Limited,33222
1026,VASCONEQ,Vascon Engineers Limited,33062
1027,BAFNAPH,Bafna Pharmaceuticals Limited,33058
1028,BIRLATYRE,Birla Tyres Limited,32516
1029,VERTOZ,Vertoz Advertising Limited,32511
1030,GENESYS,Genesys International Corporation Limited,32487
1031,HITECHGEAR,The Hi-Tech Gears Limited,32444
1032,SANGAMIND,Sangam (India) Limited,32412
1033,63MOONS,63 moons technologies limited,32349
1034,VLSFINANCE,VLS Finance Limited,31955
1035,BGRENERGY,BGR Energy Systems Limited,31510
1036,AURIONPRO,Aurionpro Solutions Limited,31499
1037,HPL,HPL Electric & Power Limited,31236
1038,UCALFUEL,Ucal Fuel Systems Limited,30993
1039,MIRCELECTR,MIRC Electronics Limited,30937
1040,SWELECTES,Swelect Energy Systems Limited,30832
1041,PPL,Prakash Pipes Limited,30689
1042,ASHIMASYN,Ashima Limited,30532
1043,ZEEMEDIA,Zee Media Corporation Limited,30186
1044,MENONBE,Menon Bearings Limited,30131
1045,GKWLIMITED,GKW Limited,30037
1046,VARDHACRLC,Vardhman Acrylics Limited,30011
1047,ORIENTBELL,Orient Bell Limited,29453
1048,GSCLCEMENT,Gujarat Sidhee Cement Limited,29346
1049,HCL_INSYS,HCL Infosystems Limited,29283
1050,ARTEMISMED,Artemis Medicare Services Limited,29135
1051,MEP,MEP Infrastructure Developers Limited,29113
1052,HINDNATGLS,Hindusthan National Glass & Industries Limited,29076
1053,MARATHON,Marathon Nextgen Realty Limited,28971
1054,MSPL,MSP Steel & Power Limited,28704
1055,ORICONENT,Oricon Enterprises Limited,28328
1056,JUBLINDS,Jubilant Industries Limited,28190
1057,CUPID,Cupid Limited,28138
1058,FSC,Future Supply Chain Solutions Limited,27996
1059,PPAP,PPAP Automotive Limited,27734
1060,RUBYMILLS,The Ruby Mills Limited,27580
1061,GANESHHOUC,Ganesh Housing Corporation Limited,27404
1062,NAHARPOLY,Nahar Poly Films Limited,27395
1063,RELCAPITAL,Reliance Capital Limited,27170
1064,GOKULAGRO,Gokul Agro Resources Limited,27166
1065,NIPPOBATRY,Indo-National Limited,26643
1066,KHADIM,Khadim India Limited,26612
1067,ADVANIHOTR,Advani Hotels & Resorts (India) Limited,26397
1068,AHLWEST,Asian Hotels (West) Limited,26276
1069,DPABHUSHAN,D. P. Abhushan Limited,26262
1070,JINDRILL,Jindal Drilling And Industries Limited,26149
1071,BCLIND,Bcl Industries Limited,26025
1072,THEMISMED,Themis Medicare Limited,25865
1073,GUJAPOLLO,Gujarat Apollo Industries Limited,25850
1074,HARRMALAYA,Harrisons  Malayalam Limited,25704
1075,PTL,PTL Enterprises Limited,25681
1076,CHEMBOND,Chembond Chemicals Ltd,25648
1077,PROZONINTU,Prozone Intu Properties Limited,25485
1078,SREINFRA,SREI Infrastructure Finance Limited,25408
1079,GOACARBON,Goa Carbon Limited,25406
1080,TALBROAUTO,Talbros Automotive Components Limited,25239
1081,ORIENTABRA,Orient Abrasives Limited,25160
1082,INVENTURE,Inventure Growth & Securities Limited,24885
1083,RAMANEWS,Shree Rama Newsprint Limited,24570
1084,MCL,Madhav Copper Limited,24562
1085,LASA,Lasa Supergenerics Limited,24524
1086,CREST,Crest Ventures Limited,24322
1087,BRNL,Bharat Road Network Limited,24097
1088,EROSMEDIA,Eros International Media Limited,24052
1089,MODIRUBBER,Modi Rubber Limited,24001
1090,WALCHANNAG,Walchandnagar Industries Limited,23964
1091,TVSELECT,TVS Electronics Limited,23889
1092,CAREERP,Career Point Limited,23835
1093,ZUARIGLOB,Zuari Global Limited,23733
1094,SECURKLOUD,SECUREKLOUD TECHNOLOGIES LIMITED,23700
1095,KRISHANA,Krishana Phoschem Limited,23483
1096,AYMSYNTEX,AYM Syntex Limited,23319
1097,PENIND,Pennar Industries Limited,23241
1098,BIRLAMONEY,Aditya Birla Money Limited,23172
1099,PDMJEPAPER,Pudumjee Paper Products Limited,23112
1100,KOTARISUG,Kothari Sugars And Chemicals Limited,22788
1101,ALANKIT,Alankit Limited,22753
1102,PENINLAND,Peninsula Land Limited,22659
1103,GIRRESORTS,GIR Natureview Resorts Limited,22615
1104,HDIL,Housing Development and Infrastructure Limited,22472
1105,LINCPEN,Linc Pen & Plastics Limited,22278
1106,JPINFRATEC,Jaypee Infratech Limited,22256
1107,VETO,Veto Switchgears And Cables Limited,22223
1108,MAHESHWARI,Maheshwari Logistics Limited,22183
1109,ADSL,Allied Digital Services Limited,22080
1110,RNAVAL,Reliance Naval and Engineering Limited,21915
1111,TRIL,Transformers And Rectifiers (India) Limited,21759
1112,OMINFRAL,OM INFRA LIMITED,21674
1113,LIBERTSHOE,Liberty Shoes Limited,21668
1114,MMP,MMP Industries Limited,21666
1115,MBAPL,Madhya Bharat Agro Products Limited,21656
1116,ALBERTDAVD,Albert David Limited,21644
1117,BRFL,Bombay Rayon Fashions Limited,21496
1118,VINYLINDIA,Vinyl Chemicals (India) Limited,21430
1119,PITTIENG,Pitti Engineering Limited,21344
1120,KHAICHEM,Khaitan Chemicals & Fertilizers Limited,21313
1121,HITECHCORP,Hitech Corporation Limited,21289
1122,GEECEE,GeeCee Ventures Limited,21281
1123,SDBL,Som Distilleries & Breweries Limited,21236
1124,SPTL,Sintex Plastics Technology Limited,21089
1125,JAGSNPHARM,Jagsonpal Pharmaceuticals Limited,20993
1126,ZODIACLOTH,Zodiac Clothing Company Limited,20854
1127,MBLINFRA,MBL Infrastructures Limited,20814
1128,BIL,Bhartiya International Limited,20741
1129,KANPRPLA,Kanpur Plastipack Limited,20738
1130,SILINV,SIL Investments Limited,20646
1131,WANBURY,Wanbury Limited,20614
1132,SINTERCOM,Sintercom India Limited,20600
1133,SELAN,Selan Exploration Technology Limited,20442
1134,SARLAPOLY,Sarla Performance Fibers Limited,20414
1135,SINTEX,Sintex Industries Limited,20124
1136,PODDARMENT,Poddar Pigments Limited,20074
1137,MCLEODRUSS,Mcleod Russel India Limited,20005
1138,WINDMACHIN,Windsor Machines Limited,19951
1139,UFO,UFO Moviez India Limited,19837
1140,HIRECT,Hind Rectifiers Limited,19775
1141,REFEX,Refex Industries Limited,19711
1142,SALZERELEC,Salzer Electronics Limited,19626
1144,UGARSUGAR,The Ugar Sugar Works Limited,19579
1145,AIRAN,Airan Limited,19519
1146,EIMCOELECO,Eimco Elecon (India) Limited,19503
1147,BASML,Bannari Amman Spinning Mills Limited,19333
1148,EIFFL,Euro India Fresh Foods Limited,19189
1149,JAYSREETEA,Jayshree Tea & Industries Limited,19158
1150,ASTRON,Astron Paper & Board Mill Limited,19131
1151,TRIGYN,Trigyn Technologies Limited,19112
1152,AKSHARCHEM,AksharChem India Limited,19103
1153,APOLLO,Apollo Micro Systems Limited,19100
1154,KOTHARIPRO,Kothari Products Limited,18999
1155,MAJESCO,Majesco Limited,18891
1156,STARPAPER,Star Paper Mills Limited,18881
1157,SETCO,Setco Automotive Limited,18746
1158,ONWARDTEC,Onward Technologies Limited,18594
1159,GENCON,Generic Engineering Construction and Projects Limited,18545
1160,CONSOFINVT,Consolidated Finvest & Holdings Limited,18541
1161,GULFPETRO,GP Petroleums Limited,18475
1162,SHIVATEX,Shiva Texyarn Limited,18303
1163,GENUSPAPER,Genus Paper & Boards Limited,18245
1164,AHLEAST,Asian Hotels (East) Limited,18127
1165,BIRLACABLE,Birla Cable Limited,18099
1166,MAZDA,Mazda Limited,18090
1167,DTIL,Dhunseri Tea & Industries Limited,18083
1168,SHIVAMAUTO,Shivam Autotech Limited,18073
1169,GOKUL,Gokul Refoils and Solvent Limited,18000
1170,SPECIALITY,Speciality Restaurants Limited,17869
1171,CHEMFAB,Chemfab Alkalis Limited,17844
1172,INSPIRISYS,Inspirisys Solutions Limited,17780
1173,SHEMAROO,Shemaroo Entertainment Limited,17729
1174,SAKAR,Sakar Healthcare Limited,17682
1175,RANEENGINE,Rane Engine Valve Limited,17664
1176,NAHARINDUS,Nahar Industrial Enterprises Limited,17574
1177,NAHARCAP,Nahar Capital and Financial Services Limited,17567
1178,SIMPLEXINF,Simplex Infrastructures Limited,17500
1179,UNIVPHOTO,Universus Photo Imagings Limited,17429
1180,ROHLTD,Royal Orchid Hotels Limited,17350
1181,ABAN,Aban Offshore Limited,17237
1182,BANSWRAS,Banswara Syntex Limited,17189
1183,NILAINFRA,Nila Infrastructures Limited,17005
1184,KREBSBIO,Krebs Biochemicals and Industries Limited,16937
1185,KCPSUGIND,KCP Sugar and Industries Corporation Limited,16864
1186,RAJTV,Raj Television Network Limited,16668
1187,NIRAJ,Niraj Cement Structurals Limited,16638
1188,PREMEXPLN,Premier Explosives Limited,16564
1189,AGARIND,Agarwal Industrial Corporation Limited,16462
1190,DHUNINV,Dhunseri Investments Limited,16291
1191,BBTCL,B&B Triplewall Containers Limited,16228
1192,ESSARSHPNG,Essar Shipping Limited,16204
1193,EMKAY,Emkay Global Financial Services Limited,16041
1194,DCMNVL,DCM Nouvelle Limited,15990
1195,MANGALAM,Mangalam Drugs And Organics Limited,15867
1196,ANDHRACEMT,Andhra Cements Limited,15852
1197,ISMTLTD,ISMT Limited,15850
1198,GREENPOWER,Orient Green Power Company Limited,15822
1199,ORBTEXP,Orbit Exports Limited,15765
1200,BIGBLOC,Bigbloc Construction Limited,15732
1201,SHREYAS,Shreyas Shipping & Logistics Limited,15616
1202,MANAKSTEEL,Manaksia Steels Limited,15601
1203,DONEAR,Donear Industries Limited,15499
1204,CAPTRUST,Capital Trust Limited,15496
1205,BHARATWIRE,Bharat Wire Ropes Limited,15470
1206,KOTHARIPET,Kothari Petrochemicals Limited,15419
1207,3RDROCK,3rd Rock Multimedia Limited,15329
1208,GOODLUCK,Goodluck India Limited,15316
1209,TIL,TIL Limited,15276
1210,WELINV,Welspun Investments and Commercials Limited,15226
1211,BROOKS,Brooks Laboratories Limited,15164
1212,STEL,Stel Holdings Limited,15143
1213,NDL,Nandan Denim Limited,15143
1214,PARACABLES,Paramount Communications Limited,15111
1215,RUCHIRA,Ruchira Papers Limited,15099
1216,AXISCADES,AXISCADES Technologies Limited,15048
1217,ASPINWALL,Aspinwall and Company Limited,15028
1218,SOUTHWEST,South West Pinnacle Exploration Limited,14917
1219,UNITEDTEA,The United Nilgiri Tea Estates Company Limited,14900
1220,SMSLIFE,SMS Lifesciences India Limited,14895
1221,EMMBI,Emmbi Industries Limited,14870
1222,RANASUG,Rana Sugars Limited,14824
1223,APOLSINHOT,Apollo Sindoori Hotels Limited,14819
1224,BSHSL,Bombay Super Hybrid Seeds Limited,14757
1225,ARIHANTSUP,Arihant Superstructures Limited,14681
1226,IRISDOREME,Iris Clothings Limited,14612
1227,DPWIRES,D P Wires Limited,14601
1228,REVATHI,Revathi Equipment Limited,14552
1229,RKEC,RKEC Projects Limited,14447
1230,PIONDIST,Pioneer Distilleries Limited,14442
1231,MAGADSUGAR,Magadh Sugar & Energy Limited,14412
1232,ELECTHERM,Electrotherm (India) Limited,14381
1233,SHREYANIND,Shreyans Industries Limited,14317
1234,MAWANASUG,Mawana Sugars Limited,14012
1235,BHAGYANGR,Bhagyanagar India Limited,13965
1236,HINDMOTORS,Hindustan Motors Limited,13902
1237,NITCO,Nitco Limited,13876
1238,SUNDRMBRAK,Sundaram Brake Linings Limited,13869
1239,GINNIFILA,Ginni Filaments Limited,13814
1240,VIDEOIND,Videocon Industries Limited,13812
1241,OSWALAGRO,Oswal Agro Mills Limited,13713
1242,CEBBCO,Commercial Engineers & Body Builders Co Limited,13692
1243,BALLARPUR,Ballarpur Industries Limited,13691
1244,SUPERHOUSE,Superhouse Limited,13581
1245,MBECL,Mcnally Bharat Engineering Company Limited,13517
1246,WEALTH,Wealth First Portfolio Managers Limited,13514
1247,MARALOVER,Maral Overseas Limited,13463
1248,VIVIMEDLAB,Vivimed Labs Limited,13428
1249,EMKAYTOOLS,Emkay Taps and Cutting Tools Limited,13349
1250,DENORA,De Nora India Limited,13339
1251,ROML,Raj Oil Mills Limited,13333
1252,ELGIRUBCO,Elgi Rubber Company Limited,13325
1253,DANGEE,Dangee Dums Limited,13313
1254,WEBELSOLAR,Websol Energy System Limited,13288
1255,AAKASH,Aakash Exploration Services Limited,13251
1256,KAKATCEM,Kakatiya Cement Sugar & Industries Limited,13163
1257,UMANGDAIRY,Umang Dairies Limited,13146
1258,PRECOT,Precot Limited,13081
1259,CLEDUCATE,CL Educate Limited,12972
1260,RPPINFRA,R.P.P. Infra Projects Limited,12962
1261,JHS,JHS Svendgaard Laboratories Limited,12916
1262,JOCIL,Jocil Limited,12880
1263,PONNIERODE,Ponni Sugars (Erode) Limited,12767
1264,SIL,Standard Industries Limited,12700
1265,IITL,Industrial Investment Trust Limited,12673
1266,AUTOIND,Autoline Industries Limited,12605
1267,KILITCH,Kilitch Drugs (India) Limited,12587
1268,INDTERRAIN,Indian Terrain Fashions Limited,12434
1269,20MICRONS,20 Microns Limited,12430
1270,JMTAUTOLTD,JMT Auto Limited,12403
1271,SKMEGGPROD,SKM Egg Products Export (India) Limited,12344
1272,SEYAIND,Seya Industries Limited,12309
1273,MAHASTEEL,Mahamaya Steel Industries Limited,12288
1274,PASHUPATI,Pashupati Cotspin Limited,12223
1275,LOVABLE,Lovable Lingerie Limited,12189
1276,JBFIND,JBF Industries Limited,12055
1277,CREATIVE,Creative Peripherals and Distribution Limited,12035
1278,RUCHINFRA,Ruchi Infrastructure Limited,12035
1279,COMPINFO,Compuage Infocom Limited,12007
1280,TPLPLASTEH,TPL Plastech Limited,11988
1281,PENTAGOLD,Penta Gold Limited,11981
1282,IVC,IL&FS Investment Managers Limited,11949
1283,PODDARHOUS,Poddar Housing and Development Limited,11933
1284,AHLADA,Ahlada Engineers Limited,11851
1285,RAMASTEEL,Rama Steel Tubes Limited,11823
1286,TOUCHWOOD,Touchwood Entertainment Limited,11747
1287,RHFL,Reliance Home Finance Limited,11652
1288,VIPCLOTHNG,VIP Clothing Limited,11629
1289,ASIANHOTNR,Asian Hotels (North) Limited,11605
1290,SHYAMCENT,Shyam Century Ferrous Limited,11594
1291,BETA,Beta Drugs Limited,11553
1292,MGEL,Mangalam Global Enterprise Limited,11537
1293,MOLDTECH,Mold-Tek Technologies Limited,11489
1294,TCIDEVELOP,TCI Developers Limited,11455
1295,SHRENIK,Shrenik Limited,11410
1296,DRCSYSTEMS,DRC Systems India Limited,11322
1297,ALPHAGEO,Alphageo (India) Limited,11312
1298,SAKUMA,Sakuma Exports Limited,11301
1299,SAKHTISUG,Sakthi Sugars Limited,11259
1300,NOIDATOLL,Noida Toll Bridge Company Limited,11172
1301,NDRAUTO,Ndr Auto Components Limited,11172
1302,SMARTLINK,Smartlink Holdings Limited,11140
1303,HUBTOWN,Hubtown Limited,11132
1304,BPL,BPL Limited,11129
1305,FCSSOFT,FCS Software Solutions Limited,11121
1306,EMAMIREAL,Emami Realty Limited,11112
1307,DRSDILIP,DRS Dilip Roadlines Limited,11092
1308,PRIMESECU,Prime Securities Limited,11048
1309,UTTAMSTL,Uttam Galva Steels Limited,10948
1310,RAJMET,Rajnandini Metal Limited,10883
1311,DEEPENR,DEEP ENERGY RESOURCES LIMITED,10875
1312,SILVERTUC,Silver Touch Technologies Limited,10800
1313,KMSUGAR,K.M.Sugar Mills Limited,10779
1314,BIOFILCHEM,Biofil Chemicals & Pharmaceuticals Limited,10718
1315,MINDTECK,Mindteck (India) Limited,10716
1316,GRPLTD,GRP Limited,10684
1317,GPTINFRA,GPT Infraprojects Limited,10667
1318,DUCON,Ducon Infratechnologies Limited,10660
1319,PIONEEREMB,Pioneer Embroideries Limited,10601
1320,ICEMAKE,Ice Make Refrigeration Limited,10557
1321,MAANALU,Maan Aluminium Limited,10461
1322,KSOLVES,Ksolves India Limited,10398
1323,LSIL,Lloyds Steels Industries Limited,10374
1324,PRAXIS,Praxis Home Retail Limited,10331
1325,INNOVANA,Innovana Thinklabs Limited,10148
1326,PAVNAIND,Pavna Industries Limited,10112
1327,MURUDCERA,Murudeshwar Ceramics Limited,10058
1328,ARIES,Aries Agro Limited,9995
1329,IVP,IVP Limited,9994
1330,KAPSTON,Kapston Facilities Management Limited,9991
1331,ISFT,Intrasoft Technologies Limited,9840
1332,SOFTTECH,Softtech Engineers Limited,9804
1333,TEMBO,Tembo Global Industries Limited,9803
1334,TTL,T T Limited,9735
1335,RVHL,Ravinder Heights Limited,9696
1336,SPLIL,SPL Industries Limited,9647
1337,MOTOGENFIN,The Motor & General Finance Limited,9628
1338,ARROWGREEN,Arrow Greentech Limited,9566
1339,TRF,TRF Limited,9502
1340,GROBTEA,The Grob Tea Company Limited,9359
1341,MAHAPEXLTD,Maha Rashtra Apex Corporation Limited,9338
1342,ANSALAPI,Ansal Properties & Infrastructure Limited,9290
1343,PALREDTEC,Palred Technologies Limited,9287
1344,BHAGYAPROP,Bhagyanagar Properties Limited,9222
1345,RPPL,Rajshree Polypack Limited,9215
1346,INDOTECH,Indo Tech Transformers Limited,9201
1347,MACPOWER,Macpower CNC Machines Limited,9170
1348,PANSARI,Pansari Developers Limited,9154
1349,AMJLAND,Amj Land Holdings Limited,9072
1350,LGBFORGE,LGB Forge Limited,9041
1352,GSS,GSS Infotech Limited,8933
1353,SIGIND,Signet Industries Limited,8858
1354,CINELINE,Cineline India Limited,8846
1355,GILLANDERS,Gillanders Arbuthnot & Company Limited,8792
1356,OPTOCIRCUI,Opto Circuits (India) Limited,8782
1357,AKSHOPTFBR,Aksh Optifibre Limited,8718
1358,CORALFINAC,Coral India Finance & Housing Limited,8704
1359,OMAXAUTO,Omax Autos Limited,8645
1360,XPROINDIA,Xpro India Limited,8634
1361,SPECTRUM,Spectrum Electrical Industries Limited,8630
1362,LOTUSEYE,Lotus Eye Hospital and Institute Limited,8618
1363,JINDALPHOT,Jindal Photo Limited,8526
1364,OSIAHYPER,Osia Hyper Retail Limited,8412
1365,KERNEX,Kernex Microsystems (India) Limited,8335
1366,GTL,GTL Limited,8306
1367,KECL,Kirloskar Electric Company Limited,8258
1368,REMSONSIND,Remsons Industries Limited,8202
1369,GEEKAYWIRE,Geekay Wires Limited,8176
1370,URAVI,Uravi T and Wedge Lamps Limited,8111
1371,SVLL,Shree Vasu Logistics Limited,8030
1372,INDIANCARD,Indian Card Clothing Company Limited,7950
1373,ORIENTLTD,Orient Press Limited,7925
1374,MANAKCOAT,Manaksia Coated Metals & Industries Limited,7900
1375,ALMONDZ,Almondz Global Securities Limited,7733
1376,AARVI,Aarvi Encon Limited,7714
1377,INDOSOLAR,Indosolar Limited,7643
1378,PAR,Par Drugs and Chemicals Limited,7627
1379,BALPHARMA,Bal Pharma Limited,7617
1380,WORTH,Worth Peripherals Limited,7611
1381,ALPA,Alpa Laboratories Limited,7576
1382,ACCURACY,Accuracy Shipping Limited,7575
1383,WEIZMANIND,Weizmann Limited,7536
1384,VISASTEEL,Visa Steel Limited,7530
1385,HOVS,HOV Services Limited,7526
1386,LYKALABS,Lyka Labs Limited,7503
1387,SHIVAUM,Shiv Aum Steels Limited,7488
1388,PREMIERPOL,Premier Polyfilm Limited,7480
1389,SITINET,Siti Networks Limited,7458
1390,NDGL,Naga Dhunseri Group Limited,7412
1391,BYKE,The Byke Hospitality Ltd,7407
1392,JMA,Jullundur Motor Agency (Delhi) Limited,7398
1393,TEXMOPIPES,Texmo Pipes and Products Limited,7321
1394,KALYANIFRG,Kalyani Forge Limited,7240
1395,INTENTECH,Intense Technologies Limited,7140
1396,AKG,Akg Exim Limited,7120
1397,GOLDENTOBC,Golden Tobacco Limited,7044
1398,COMPUSOFT,Compucom Software Limited,7026
1399,KAMATHOTEL,Kamat Hotels (I) Limited,7003
1400,IL&FSTRANS,IL&FS Transportation Networks Limited,6946
1401,LCCINFOTEC,LCC Infotech Limited,6908
1402,PANACHE,Panache Digilife Limited,6899
1403,FMNL,Future Market Networks Limited,6894
1404,DSSL,Dynacons Systems & Solutions Limited,6877
1405,ABMINTLTD,ABM International Limited,6871
1406,PKTEA,The Peria Karamalai Tea & Produce Company Limited,6827
1407,BHARATGEAR,Bharat Gears Limited,6808
1408,SUPREMEENG,Supreme Engineering Limited,6807
1409,IZMO,IZMO Limited,6724
1410,CCHHL,Country Club Hospitality & Holidays Limited,6715
1411,TOKYOPLAST,Tokyo Plast International Limited,6702
1412,A2ZINFRA,A2Z Infra Engineering Limited,6656
1413,GAMMNINFRA,Gammon Infrastructure Projects Limited,6604
1414,MAHICKRA,Mahickra Chemicals Limited,6593
1415,KRITIKA,Kritika Wires Limited,6530
1416,ARCHIDPLY,Archidply Industries Limited,6515
1417,MUKTAARTS,Mukta Arts Limited,6498
1418,CMICABLES,CMI Limited,6346
1419,LIBAS,Libas Consumer Products Limited,6334
1420,VIKASECO,Vikas EcoTech Limited,6315
1421,AROGRANITE,Aro Granite Industries Limited,6298
1422,AUSOMENT,Ausom Enterprise Limited,6281
1423,TOTAL,Total Transport Systems Limited,6274
1424,DEVIT,Dev Information Technology Limited,6216
1425,RSSOFTWARE,R. S. Software (India) Limited,6183
1426,BANKA,Banka BioLoo Limited,6170
1427,SONAMCLOCK,Sonam Clock Limited,6143
1428,ARVEE,Arvee Laboratories (India) Limited,6120
1429,HISARMETAL,Hisar Metal Industries Limited,6105
1430,SICAL,Sical Logistics Limited,6089
1431,SRPL,Shree Ram Proteins Limited,6086
1432,PNC,Pritish Nandy Communications Limited,6073
1433,SHREERAMA,Shree Rama Multi-Tech Limited,6054
1434,GANGESSECU,Ganges Securities Limited,5950
1435,GOENKA,Goenka Diamond and Jewels Limited,5902
1436,BDR,BDR Buildcon Limited,5865
1437,SILGO,Silgo Retail Limited,5824
1438,TARMAT,Tarmat Limited,5782
1439,MCDHOLDING,McDowell Holdings Limited,5766
1440,JAKHARIA,JAKHARIA FABRIC LIMITED,5765
1441,AARON,Aaron Industries Limited,5750
1442,SICAGEN,Sicagen India Limited,5745
1443,PARIN,Parin Furniture Limited,5718
1444,SUNDARAM,Sundaram Multi Pap Limited,5698
1445,MANAKALUCO,Manaksia Aluminium Company Limited,5687
1446,ROLLT,Rollatainers Limited,5669
1447,E2E,E2E Networks Limited,5628
1448,LOKESHMACH,Lokesh Machines Limited,5627
1449,INDBANK,Indbank Merchant Banking Services Limited,5611
1450,DAMODARIND,Damodar Industries Limited,5592
1451,SURANAT_P,Surana Telecom and Power Limited,5569
1452,INDOTHAI,Indo Thai Securities Limited,5566
1453,IMAGICAA,Imagicaaworld Entertainment Limited,5550
1454,SAGARDEEP,Sagardeep Alloys Limited,5548
1455,SKIL,SKIL Infrastructure Limited,5527
1456,MITCON,MITCON Consultancy & Engineering Services Limited,5523
1457,WFL,Wonder Fibromats Limited,5503
1458,AVG,AVG Logistics Limited,5478
1459,SARVESHWAR,Sarveshwar Foods Limited,5476
1460,PRAENG,Prajay Engineers Syndicate Limited,5466
1461,GLOBALVECT,Global Vectra Helicorp Limited,5455
1462,ROLTA,Rolta India Limited,5439
1463,ATLANTA,Atlanta  Limited,5391
1464,JYOTISTRUC,Jyoti Structures Limited,5379
1465,MOKSH,Moksh Ornaments Limited,5367
1466,TAINWALCHM,Tainwala Chemical and Plastic (I) Limited,5339
1467,NILASPACES,Nila Spaces Limited,5337
1468,STEELCITY,Steel City Securities Limited,5318
1469,ASAL,Automotive Stampings and Assemblies Limited,5310
1470,GODHA,Godha Cabcon & Insulation Limited,5299
1471,MORARJEE,Morarjee Textiles Limited,5169
1472,CORDSCABLE,Cords Cable Industries Limited,5159
1473,WIPL,The Western India Plywoods Limited,5106
1474,ALKALI,Alkali Metals Limited,5092
1475,LAMBODHARA,Lambodhara Textiles Limited,5086
1476,PRESSMN,Pressman Advertising Limited,5085
1477,PUNJLLOYD,Punj Lloyd Limited,5037
1478,CTE,Cambridge Technology Enterprises Limited,5034
1479,FLEXITUFF,Flexituff Ventures International Limited,5016
1480,RAJSREESUG,Rajshree Sugars & Chemicals Limited,5014
1481,GLOBE,Globe Textiles (India) Limited,4972
1482,BEDMUTHA,Bedmutha Industries Limited,4937
1483,SALONA,Salona Cotspin Limited,4931
1484,SURYALAXMI,Suryalakshmi Cotton Mills Limited,4920
1485,UJAAS,Ujaas Energy Limited,4918
1486,NITIRAJ,Nitiraj Engineers Limited,4907
1487,HPIL,Hindprakash Industries Limited,4900
1488,SUMEETINDS,Sumeet Industries Limited,4899
1489,PALASHSECU,Palash Securities Limited,4871
1490,TERASOFT,Tera Software Limited,4776
1491,OSWALSEEDS,ShreeOswal Seeds And Chemicals Limited,4736
1492,MRO-TEK,MRO-TEK Realty Limited,4703
1493,MRO,M.R. Organisation Limited,4652
1494,MTEDUCARE,MT Educare Limited,4651
1495,NIBL,NRB Industrial Bearings Limited,4623
1496,GANGAFORGE,Ganga Forging Limited,4616
1497,DCM,DCM  Limited,4556
1498,TARACHAND,Tara Chand Logistic Solutions Limited,4511
1499,SURANASOL,Surana Solar Limited,4510
1500,MALUPAPER,Malu Paper Mills Limited,4502
1501,MHHL,Mohini Health & Hygiene Limited,4478
1502,SHRADHA,Shradha Infraprojects Limited,4404
1503,UNIVASTU,Univastu India Limited,4349
1504,ARSSINFRA,ARSS Infrastructure Projects Limited,4319
1505,MADHAV,Madhav Marbles and Granites Limited,4286
1506,MEGASOFT,Megasoft Limited,4272
1507,TIRUPATI,Shree Tirupati Balajee FIBC Limited,4228
1508,ENERGYDEV,Energy Development Company Limited,4184
1509,DGCONTENT,Digicontent Limited,4180
1510,CNOVAPETRO,CIL Nova Petrochemicals Limited,4131
1511,AARVEEDEN,Aarvee Denims & Exports Limited,4119
1512,PATINTLOG,Patel Integrated Logistics Limited,4105
1513,KANANIIND,Kanani Industries Limited,4101
1514,BAGFILMS,B.A.G Films and Media Limited,4056
1515,AIROLAM,Airo Lam limited,4054
1516,SANWARIA,Sanwaria Consumer Limited,4051
1517,NECCLTD,North Eastern Carrying Corporation Limited,4049
1518,ANIKINDS,Anik Industries Limited,3991
1519,ARTNIRMAN,Art Nirman Limited,3969
1520,BVCL,Barak Valley Cements Limited,3896
1521,SHAIVAL,Shaival Reality Limited,3878
1522,VARDMNPOLY,Vardhman Polytex Limited,3825
1523,SAMBHAAV,Sambhaav Media Limited,3823
1524,IL_FSENGG,IL&FS Engineering and Construction Company Limited,3822
1525,ZENITHEXPO,Zenith Exports Limited,3803
1526,KEYFINSERV,Keynote Financial Services Limited,3777
1527,MDL,Marvel Decor Limited,3772
1528,KHFM,Khfm Hospitality And Facility Management Services Limited,3749
1529,SERVOTECH,Servotech Power Systems Limited,3729
1530,GLOBAL,Global Education Limited,3699
1531,MADHUCON,Madhucon Projects Limited,3695
1532,SHIVAMILLS,Shiva Mills Limited,3690
1533,BANG,Bang Overseas Limited,3686
1534,AAATECH,Aaa Technologies Limited,3661
1535,SOMICONVEY,Somi Conveyor Beltings Limited,3634
1536,SPMLINFRA,SPML Infra Limited,3622
1537,MANUGRAPH,Manugraph India Limited,3610
1538,KRIDHANINF,Kridhan Infra Limited,3589
1539,TREJHARA,TREJHARA SOLUTIONS LIMITED,3554
1540,VAISHALI,Vaishali Pharma Limited,3509
1541,DELTAMAGNT,Delta Manufacturing Limited,3438
1542,CINEVISTA,Cinevista Limited,3418
1543,ARCHIES,Archies Limited,3417
1544,ASCOM,Ascom Leasing & Investments Limited,3412
1545,CENTEXT,Century Extrusions Limited,3409
1546,LGHL,Laxmi Goldorna House Limited,3400
1547,BSL,BSL Limited,3392
1548,INDOWIND,Indowind Energy Limited,3376
1549,BLBLIMITED,BLB Limited,3365
1550,AMDIND,AMD Industries Limited,3357
1551,SANGINITA,Sanginita Chemicals Limited,3354
1552,MKPL,M K Proteins Limited,3324
1553,AISL,ANI Integrated Services Limited,3316
1554,BANARBEADS,Banaras Beads Limited,3308
1555,BHANDARI,Bhandari Hosiery Exports Limited,3298
1556,ONEPOINT,One Point One Solutions Limited,3297
1557,VINNY,Vinny Overseas Limited,3260
1558,BCONCEPTS,Brand Concepts Limited,3218
1559,ANSALHSG,Ansal Housing Limited,3191
1560,TREEHOUSE,Tree House Education & Accessories Limited,3088
1561,AJOONI,Ajooni Biotech Limited,3068
1562,GAL,Gyscoal Alloys Limited,3042
1563,DBSTOCKBRO,DB (International) Stock Brokers Limited,3007
1564,VASWANI,Vaswani Industries Limited,2993
1565,LATTEYS,Latteys Industries Limited,2985
1566,EDUCOMP,Educomp Solutions Limited,2974
1567,SIMBHALS,Simbhaoli Sugars Limited,2939
1568,SUMIT,Sumit Woods Limited,2931
1569,UNITEDPOLY,United Polyfab Gujarat Limited,2921
1570,TIRUPATIFL,Tirupati Forge Limited,2902
1571,GIRIRAJ,Giriraj Civil Developers Limited,2901
1572,SANGHVIFOR,Sanghvi Forging and Engineering Limited,2878
1573,DCI,DC Infotech and Communication Limited,2867
1574,SIKKO,Sikko Industries Limited,2856
1575,PIGL,Power & Instrumentation (Gujarat) Limited,2828
1576,AURDIS,Aurangabad Distillery Limited,2818
1577,BEARDSELL,Beardsell Limited,2792
1578,TMRVL,The Mandhana Retail Ventures Limited,2754
1579,CELEBRITY,Celebrity Fashions Limited,2683
1580,VCL,Vaxtex Cotfab Limited,2675
1581,SALSTEEL,S.A.L. Steel Limited,2647
1582,UCL,Ushanti Colour Chem Limited,2634
1583,LPDC,Landmark Property Development Company Limited,2621
1584,SHANTI,Shanti Overseas (India) Limited,2616
1585,LAGNAM,Lagnam Spintex Limited,2610
1586,KGL,Karuturi Global Limited,2597
1587,NANDANI,Nandani Creation Limited,2549
1588,LFIC,Lakshmi Finance & Industrial Corporation Limited,2534
1589,ORTINLAB,Ortin Laboratories Limited,2523
1590,GUJRAFFIA,Gujarat Raffia Industries Limited,2521
1591,HINDCON,Hindcon Chemicals Limited,2505
1592,OILCOUNTUB,Oil Country Tubular Limited,2493
1593,LEXUS,Lexus Granito (India) Limited,2480
1594,PRITI,Priti International Limited,2476
1595,RELIABLE,Reliable Data Services Limited,2469
1596,KEERTI,Keerti Knowledge and Skills Limited,2451
1597,FOCUS,Focus Lighting and Fixtures Limited,2450
1598,CUBEXTUB,Cubex Tubings Limited,2433
1599,MERCATOR,Mercator Limited,2427
1600,HECPROJECT,HEC Infra Projects Limited,2420
1601,OMKARCHEM,Omkar Speciality Chemicals Limited,2398
1602,BRIGHT,Bright Solar Limited,2397
1603,AGROPHOS,Agro Phos India Limited,2377
1604,PEARLPOLY,Pearl Polymers Limited,2372
1605,GOLDSTAR,Goldstar Power Limited,2365
1606,NEXTMEDIA,Next Mediaworks Limited,2359
1607,AMBANIORG,Ambani Organics Limited,2341
1608,FELIX,Felix Industries Limited,2336
1610,SUPERSPIN,Super Spinning Mills Limited,2330
1611,EXCEL,Excel Realty N Infra Limited,2228
1612,SGL,STL Global Limited,2210
1613,METALFORGE,Metalyst Forgings Limited,2200
1614,DHARSUGAR,Dharani Sugars & Chemicals Limited,2178
1615,MANGTIMBER,Mangalam Timber Products Limited,2158
1616,BALKRISHNA,Balkrishna Paper Mills Limited,2144
1617,TIMESGTY,Times Guaranty Limited,2126
1618,KSHITIJPOL,Kshitij Polyline Limited,2122
1619,UNIINFO,Uniinfo Telecom Services Limited,2119
1620,PROLIFE,Prolife Industries Limited,2091
1621,ZODIAC,Zodiac Energy Limited,2072
1622,VIVIDHA,Visagar Polytex Limited,2063
1623,ROHITFERRO,Rohit Ferro-Tech Limited,2049
1624,JITFINFRA,JITF Infralogistics Limited,2048
1625,DIAPOWER,Diamond Power Infra Ltd,2043
1626,SONAHISONA,Sona Hi Sona Jewellers (Gujarat) Limited,2023
1627,MMNL,MIG Media Neurons Limited,2014
1628,MUKANDENGG,Mukand Engineers Limited,2000
1629,RMCL,Radha Madhav Corporation Limited,1993
1630,WILLAMAGOR,Williamson Magor & Company Limited,1986
1631,COX_KINGS,Cox & Kings Limited,1978
1632,MILTON,Milton Industries Limited,1942
1633,NAGREEKEXP,Nagreeka Exports Limited,1937
1634,SILLYMONKS,Silly Monks Entertainment Limited,1912
1635,SOMATEX,Soma Textiles & Industries Limited,1910
1636,TIJARIA,Tijaria Polypipes Limited,1883
1637,SEZAL,Sezal Glass Limited,1875
1638,MAGNUM,Magnum Ventures Limited,1845
1639,AGRITECH,Agri-Tech (India) Limited,1842
1640,JETFREIGHT,Jet Freight Logistics Limited,1832
1641,SIGMA,Sigma Solve Limited,1815
1642,BURNPUR,Burnpur Cement Limited,1809
1643,AVSL,AVSL Industries Limited,1809
1644,RKDL,Ravi Kumar Distilleries Limited,1791
1645,LAXMICOT,Laxmi Cotspin Limited,1776
1646,MARSHALL,Marshall Machines Limited,1775
1647,ORIENTALTL,Oriental Trimex Limited,1768
1648,KHANDSE,Khandwala Securities Limited,1754
1649,SOLEX,Solex Energy Limited,1725
1650,WSI,W S Industries (I) Limited,1724
1651,ATALREAL,Atal Realtech Limited,1720
1652,SHAHALLOYS,Shah Alloys Limited,1707
1653,KKVAPOW,KKV Agro Powers Limited,1693
1654,ASLIND,ASL Industries Limited,1683
1655,GOLDTECH,Goldstone Technologies Limited,1667
1656,NATNLSTEEL,National Steel And Agro Industries Limited,1625
1657,GICL,Globe International Carriers Limited,1624
1658,VSCL,Vadivarhe Speciality Chemicals Limited,1623
1659,NITINFIRE,Nitin Fire Protection Industries Limited,1611
1660,VERA,Vera Synthetic Limited,1608
1661,ADROITINFO,Adroit Infotech Limited,1594
1662,UWCSL,Ultra Wiring Connectivity System Limited,1589
1663,KARMAENG,Karma Energy Limited,1587
1664,SEPOWER,S.E. Power Limited,1585
1665,SURANI,Surani Steel Tubes Limited,1584
1666,ADL,Archidply Decor Limited,1582
1667,COUNCODOS,Country Condo's Limited,1564
1668,SRIRAM,Shri Ram Switchgears Limited,1552
1669,3PLAND,3P Land Holdings Limited,1552
1670,INNOVATIVE,Innovative Tyres and Tubes Limited,1548
1671,INFOMEDIA,Infomedia Press Limited,1529
1672,ARIHANT,Arihant Foundations & Housing Limited,1506
1673,PATSPINLTD,Patspin India Limited,1479
1674,21STCENMGM,21st Century Management Services Limited,1469
1675,MIC,MIC Electronics Limited,1465
1676,CADSYS,Cadsys (India) Limited,1432
1677,ANKITMETAL,Ankit Metal & Power Limited,1425
1678,PRAKASHSTL,Prakash Steelage Limited,1411
1679,RMDRIP,R M Drip and Sprinklers Systems Limited,1400
1680,WEWIN,WE WIN LIMITED,1395
1681,SPYL,Shekhawati Poly-Yarn Limited,1382
1682,NARMADA,Narmada Agrobase Limited,1379
1683,NKIND,NK Industries Limited,1375
1684,MOHITIND,Mohit Industries Limited,1370
1685,GAYAHWS,Gayatri Highways Limited,1324
1686,SSINFRA,S.S. Infrastructure Development Consultants Limited,1318
1687,CALSOFT,California Software Company Limited,1318
1688,LYPSAGEMS,Lypsa Gems & Jewellery Limited,1306
1689,ZODJRDMKJ,Zodiac JRD- MKJ Limited,1297
1690,S_SPOWER,S&S Power Switchgears Limited,1281
1691,TGBHOTELS,TGB Banquets And Hotels Limited,1252
1692,AVROIND,AVRO INDIA LIMITED,1245
1693,CYBERMEDIA,Cyber Media (India) Limited,1245
1694,HBSL,HB Stockholdings Limited,1190
1695,EASTSILK,Eastern Silk Industries Limited,1185
1696,SHUBHLAXMI,Shubhlaxmi Jewel Art Limited,1184
1697,MITTAL,Mittal Life Style Limited,1179
1698,INDLMETER,IMP Powers Limited,1175
1699,PARTYCRUS,Party Cruisers Limited,1162
1700,HILTON,Hilton Metal Forging Limited,1156
1701,CASTEXTECH,Castex Technologies Limited,1151
1702,EMCO,Emco Limited,1134
1703,AHIMSA,Ahimsa Industries Limited,1087
1704,HAVISHA,Sri Havisha Hospitality and Infrastructure Limited,1084
1705,CANDC,C & C Constructions Limited,1075
1706,BTML,Bodhi Tree Multimedia Limited,1069
1707,TNTELE,Tamilnadu Telecommunication Limited,1066
1708,PERFECT,Perfect Infraengineers Limited,1053
1709,MOHOTAIND,Mohota Industries Limited,1047
1710,UNITY,Unity Infraprojects Limited,1037
1711,SETUINFRA,Setubandhan Infrastructure Limited,1027
1712,MASKINVEST,Mask Investments Limited,1005
1713,ACEINTEG,Ace Integrated Solutions Limited,995
1714,SECL,Salasar Exteriors and Contour Limited,983
1715,ZENITHSTL,Zenith Steel Pipes & Industries Limited,976
1716,SYNCOM,Syncom Healthcare Limited,925
1717,CROWN,Crown Lifters Limited,920
1718,DALALSTCOM,DSJ Communications Limited,914
1719,UMESLTD,Usha Martin Education & Solutions Limited,909
1720,ABINFRA,A B Infrabuild Limited,898
1721,IMPEXFERRO,Impex Ferro Tech Limited,881
1722,TVVISION,TV Vision Limited,879
1723,VICEROY,Viceroy Hotels Limited,874
1724,PAEL,PAE Limited,869
1725,ABNINT,A B N Intercorp Limited,865
1726,EASUNREYRL,Easun Reyrolle Limited,839
1727,BSELINFRA,BSEL Infrastructure Realty Limited,831
1728,DNAMEDIA,Diligent Media Corporation Limited,826
1729,SKSTEXTILE,SKS Textiles Limited,824
1730,BARTRONICS,Bartronics India Limited,823
1731,SANCO,Sanco Industries Limited,817
1732,ONELIFECAP,Onelife Capital Advisors Limited,795
1733,PREMIER,Premier Limited,795
1734,NAGREEKCAP,Nagreeka Capital & Infrastructure Limited,790
1735,CMMIPL,CMM Infraprojects Limited,782
1736,JETKNIT,Jet Knitwears Limited,776
1737,MPTODAY,Madhya Pradesh Today Media Limited,776
1738,EUROTEXIND,Eurotex Industries and Exports Limited,756
1739,MINDPOOL,Mindpool Technologies Limited,717
1740,THIRUSUGAR,Thiru Arooran Sugars Limited,708
1741,RAJRAYON,Raj Rayon Industries Limited,702
1742,ALPSINDUS,Alps Industries Limited,693
1743,NORBTEAEXP,Norben Tea & Exports Limited,684
1744,GLFL,Gujarat Lease Financing Limited,682
1745,SPENTEX,Spentex Industries Limited,678
1746,NIRAJISPAT,Niraj Ispat Industries Limited,673
1747,DSML,Debock Sales And Marketing Limited,672
1748,SECURCRED,SecUR Credentials Limited,662
1749,AMJUMBO,A and M Jumbo Bags Limited,645
1750,SUBCAPCITY,International Constructions Limited,638
1751,ACCORD,Accord Synergy Limited,634
1752,OMFURN,Omfurn India Limited,625
1753,GTNTEX,GTN Textiles Limited,623
1754,GFSTEELS,Grand Foundry Limited,617
1755,CONTI,Continental Seeds and Chemicals Limited,609
1756,TCIFINANCE,TCI Finance Limited,600
1757,KALYANI,Kalyani Commercials Limited,599
1758,TFL,Transwarranty Finance Limited,597
1759,CREATIVEYE,Creative Eye Limited,587
1760,VIJIFIN,Viji Finance Limited,582
1761,KAUSHALYA,Kaushalya Infrastructure Development Corporation Limited,578
1762,BKMINDST,Bkm Industries Limited,571
1763,JALAN,Jalan Transolutions (India) Limited,557
1764,PULZ,Pulz Electronics Limited,538
1765,DRL,Dhanuka Realty Limited,532
1766,TANTIACONS,Tantia Constructions Limited,528
1767,TRANSWIND,Transwind Infrastructures Limited,489
1768,SONISOYA,Soni Soya Products Limited,482
1769,BHALCHANDR,Bhalchandram Clothing Limited,479
1770,GRETEX,Gretex Industries Limited,476
1771,TECHIN,Techindia Nirman Limited,455
1772,RADAAN,Radaan Mediaworks India Limited,451
1773,SMVD,SMVD Poly Pack Limited,433
1774,LAKPRE,Lakshmi Precision Screws Limited,420
1775,EUROCERA,Euro Ceramics Limited,399
1776,NTL,Neueon Towers Limited,388
1777,RAMSARUP,Ramsarup Industries Limited,368
1778,MANAV,Manav Infra Projects Limited,351
1779,ARENTERP,Rajdarshan Industries Limited,349
1780,POWERFUL,Powerful Technologies Limited,343
1781,VASA,Vasa Retail and Overseas Ltd,336
1782,JIKIND,JIK Industries Limited,327
1783,THOMASCOTT,Thomas Scott (India) Limited,308
1784,MELSTAR,Melstar Information Technologies Limited,276
1785,ORTEL,Ortel Communications Limited,271
1786,BOHRA,Bohra Industries Limited,264
1787,GBGLOBAL,GB Global Limited,251
1788,DCMFINSERV,DCM Financial Services Limited,242
1789,GISOLUTION,GI Engineering Solutions Limited,235
1790,JAINSTUDIO,Jain Studios Limited,224
1791,HOTELRUGBY,Hotel Rugby Limited,182
1792,SABEVENTS,Sab Events & Governance Now Media Limited,150
1793,BLUECHIP,Blue Chip India Limited,136
,,,83
