date,open,high,low,close,volume
2020-12-01 09:15:00+05:30,1105.05,1121.6,1105.05,1114.8,417851
2020-12-01 09:16:00+05:30,1114.35,1120.85,1113.75,1115.2,131681
2020-12-01 09:17:00+05:30,1114.8,1115.5,1112.6,1113.95,74755
2020-12-01 09:18:00+05:30,1113.95,1114.85,1113.15,1113.5,42031
2020-12-01 09:19:00+05:30,1113.55,1117.8,1112.35,1117.65,67841
2020-12-01 09:20:00+05:30,1117.4,1117.6,1112.2,1113.1,56277
2020-12-01 09:21:00+05:30,1113.1,1115.55,1113.1,1115,17027
2020-12-01 09:22:00+05:30,1114.4,1117.45,1114.4,1116.95,36418
2020-12-01 09:23:00+05:30,1116.95,1116.95,1115.4,1115.4,18282
2020-12-01 09:24:00+05:30,1115.5,1118.8,1114.75,1118.8,273272
2020-12-01 09:25:00+05:30,1118.5,1120,1118.5,1119,36658
2020-12-01 09:26:00+05:30,1119,1120.5,1118.6,1120,41357
2020-12-01 09:27:00+05:30,1120.05,1122.75,1120,1121.45,55846
2020-12-01 09:28:00+05:30,1121.6,1124.15,1120,1123.85,79565
2020-12-01 09:29:00+05:30,1124,1124.8,1122.8,1123.05,63547
2020-12-01 09:30:00+05:30,1123,1126.5,1122.8,1125.6,105191
2020-12-01 09:31:00+05:30,1125.6,1126.6,1124.95,1125.15,62425
2020-12-01 09:32:00+05:30,1124.55,1125.2,1123,1123.45,35813
2020-12-01 09:33:00+05:30,1123.1,1124.8,1123,1124,31326
2020-12-01 09:34:00+05:30,1124,1124.05,1122.6,1122.6,23906
2020-12-01 09:35:00+05:30,1123,1123,1120.45,1121,36418
2020-12-01 09:36:00+05:30,1121.45,1121.45,1119.05,1120.6,45323
2020-12-01 09:37:00+05:30,1120.55,1121.45,1120,1121,32661
2020-12-01 09:38:00+05:30,1121,1124.7,1120.35,1124.7,42369
2020-12-01 09:39:00+05:30,1124.3,1126,1123.8,1124,49480
2020-12-01 09:40:00+05:30,1124.05,1126,1123.95,1125,63574
2020-12-01 09:41:00+05:30,1125,1125.9,1124.25,1125.4,27938
2020-12-01 09:42:00+05:30,1125.3,1125.85,1125,1125.5,30350
2020-12-01 09:43:00+05:30,1125.5,1125.8,1123.75,1124,42755
2020-12-01 09:44:00+05:30,1123.95,1124.7,1123.25,1124.45,21329
2020-12-01 09:45:00+05:30,1124.35,1124.5,1123,1123.15,21050
2020-12-01 09:46:00+05:30,1123.65,1124,1123,1123.75,12279
2020-12-01 09:47:00+05:30,1123.75,1123.95,1122.6,1122.6,27148
2020-12-01 09:48:00+05:30,1122.75,1123.7,1122.45,1123.7,17448
2020-12-01 09:49:00+05:30,1123.5,1123.75,1122.55,1123.6,15908
2020-12-01 09:50:00+05:30,1123.65,1123.8,1123.25,1123.4,14357
2020-12-01 09:51:00+05:30,1123.4,1123.8,1123,1123.25,10295
2020-12-01 09:52:00+05:30,1123.05,1124.4,1122.55,1123.95,32938
2020-12-01 09:53:00+05:30,1123.95,1125,1123.95,1124.2,44500
2020-12-01 09:54:00+05:30,1124.2,1125,1124,1125,8756
2020-12-01 09:55:00+05:30,1125.3,1126,1125,1125.5,60247
2020-12-01 09:56:00+05:30,1125.8,1125.85,1125.1,1125.3,25260
2020-12-01 09:57:00+05:30,1125.6,1125.65,1124.3,1124.45,18717
2020-12-01 09:58:00+05:30,1124.45,1125,1124.25,1124.5,12403
2020-12-01 09:59:00+05:30,1124.5,1125.2,1124.45,1125.05,10962
2020-12-01 10:00:00+05:30,1125.3,1125.85,1125.1,1125.75,17625
2020-12-01 10:01:00+05:30,1125.9,1128.55,1125.7,1128.55,76035
2020-12-01 10:02:00+05:30,1128,1129,1126.9,1128,60438
2020-12-01 10:03:00+05:30,1128,1128.45,1127.65,1128.15,24273
2020-12-01 10:04:00+05:30,1128.15,1130,1127.05,1129.6,73015
2020-12-01 10:05:00+05:30,1129.9,1130,1129.2,1129.7,38982
2020-12-01 10:06:00+05:30,1129.7,1132,1129.7,1130.75,124296
2020-12-01 10:07:00+05:30,1130.65,1130.85,1129.7,1130.5,51108
2020-12-01 10:08:00+05:30,1130.55,1130.6,1129.75,1130,34102
2020-12-01 10:09:00+05:30,1130,1131.9,1129.85,1131.55,55360
2020-12-01 10:10:00+05:30,1131.55,1131.85,1131,1131.2,31651
2020-12-01 10:11:00+05:30,1131,1131.2,1130.35,1130.35,24668
2020-12-01 10:12:00+05:30,1130.35,1130.7,1130,1130.4,31494
2020-12-01 10:13:00+05:30,1130.4,1130.6,1130,1130.45,19546
2020-12-01 10:14:00+05:30,1130.45,1131.75,1130.25,1131.7,37423
2020-12-01 10:15:00+05:30,1131.7,1131.95,1131,1131.3,27358
2020-12-01 10:16:00+05:30,1131.2,1131.45,1130.8,1131.45,14794
2020-12-01 10:17:00+05:30,1131.15,1131.45,1130.95,1130.95,25174
2020-12-01 10:18:00+05:30,1130.95,1131,1129.9,1130.1,26021
2020-12-01 10:19:00+05:30,1130.05,1130.45,1129.1,1129.75,24625
2020-12-01 10:20:00+05:30,1129.6,1129.6,1128,1128.3,33502
2020-12-01 10:21:00+05:30,1128.25,1129.75,1128.2,1129.35,19777
2020-12-01 10:22:00+05:30,1129.35,1129.8,1128.95,1129.5,14620
2020-12-01 10:23:00+05:30,1129.6,1129.6,1129.05,1129.25,14835
2020-12-01 10:24:00+05:30,1129.25,1129.25,1128.35,1128.7,26498
2020-12-01 10:25:00+05:30,1128.7,1128.8,1128.5,1128.5,10126
2020-12-01 10:26:00+05:30,1128.45,1128.5,1126.65,1127.3,41345
2020-12-01 10:27:00+05:30,1127.3,1127.35,1126.4,1126.65,23024
2020-12-01 10:28:00+05:30,1126.4,1127,1125.45,1126.95,30662
2020-12-01 10:29:00+05:30,1126.95,1127,1126.05,1126.65,15611
2020-12-01 10:30:00+05:30,1126.65,1126.65,1125.95,1126.15,12930
2020-12-01 10:31:00+05:30,1126.2,1126.2,1125.55,1125.75,12716
2020-12-01 10:32:00+05:30,1125.6,1126.4,1125.55,1126,13456
2020-12-01 10:33:00+05:30,1125.95,1126.75,1125.6,1126.7,13605
2020-12-01 10:34:00+05:30,1126.65,1127,1126.45,1127,10563
2020-12-01 10:35:00+05:30,1127,1127.65,1126.95,1127.45,14595
2020-12-01 10:36:00+05:30,1127.65,1128.5,1127.4,1128.4,14986
2020-12-01 10:37:00+05:30,1128.5,1129,1128.3,1128.85,13334
2020-12-01 10:38:00+05:30,1128.85,1129.55,1128.55,1128.6,20241
2020-12-01 10:39:00+05:30,1128.95,1128.95,1128,1128.35,45412
2020-12-01 10:40:00+05:30,1128.3,1128.9,1127.8,1128.1,14066
2020-12-01 10:41:00+05:30,1127.55,1128.5,1127.15,1128.45,19970
2020-12-01 10:42:00+05:30,1128.5,1128.9,1128.4,1128.75,5597
2020-12-01 10:43:00+05:30,1128.65,1129,1128.65,1129,8742
2020-12-01 10:44:00+05:30,1128.95,1129,1127.4,1127.9,11560
2020-12-01 10:45:00+05:30,1127.85,1128.85,1127.85,1128.45,8374
2020-12-01 10:46:00+05:30,1128.4,1128.8,1127.75,1128.65,7208
2020-12-01 10:47:00+05:30,1128.65,1128.95,1128.55,1128.85,5418
2020-12-01 10:48:00+05:30,1128.85,1129.55,1128.85,1129.5,17518
2020-12-01 10:49:00+05:30,1129.5,1129.55,1129.1,1129.35,11299
2020-12-01 10:50:00+05:30,1129.35,1129.4,1128.95,1129.2,7103
2020-12-01 10:51:00+05:30,1129.05,1129.35,1129,1129.2,6832
2020-12-01 10:52:00+05:30,1129.2,1129.25,1129,1129.1,5719
2020-12-01 10:53:00+05:30,1129,1129.1,1128.9,1128.95,5129
2020-12-01 10:54:00+05:30,1128.95,1129.3,1128.95,1128.95,12266
2020-12-01 10:55:00+05:30,1128.95,1129.45,1128.85,1129.4,9579
2020-12-01 10:56:00+05:30,1129.45,1129.5,1129.4,1129.45,5955
2020-12-01 10:57:00+05:30,1129.45,1130,1129.45,1129.85,28839
2020-12-01 10:58:00+05:30,1129.8,1129.85,1128.9,1129.25,8732
2020-12-01 10:59:00+05:30,1129.2,1129.35,1129,1129.1,8512
2020-12-01 11:00:00+05:30,1129.05,1129.1,1128.75,1128.75,6735
2020-12-01 11:01:00+05:30,1128.95,1128.95,1128.3,1128.45,7006
2020-12-01 11:02:00+05:30,1128.45,1128.5,1128.3,1128.3,10259
2020-12-01 11:03:00+05:30,1128.3,1128.3,1128,1128.3,10873
2020-12-01 11:04:00+05:30,1128.3,1129,1128.25,1129,10543
2020-12-01 11:05:00+05:30,1129,1129.5,1128.95,1129.5,12872
2020-12-01 11:06:00+05:30,1129.5,1130,1129.45,1129.9,12463
2020-12-01 11:07:00+05:30,1129.5,1130.5,1129.5,1130.5,30861
2020-12-01 11:08:00+05:30,1130.1,1130.5,1130.1,1130.35,10160
2020-12-01 11:09:00+05:30,1130.25,1130.5,1130.2,1130.3,7318
2020-12-01 11:10:00+05:30,1130.3,1130.5,1130.15,1130.3,8480
2020-12-01 11:11:00+05:30,1130.25,1130.3,1130,1130.2,9070
2020-12-01 11:12:00+05:30,1129.85,1130,1129.85,1129.9,5505
2020-12-01 11:13:00+05:30,1129.9,1130.05,1129.9,1130,5893
2020-12-01 11:14:00+05:30,1130,1130.05,1129.65,1129.65,14055
2020-12-01 11:15:00+05:30,1129.7,1129.75,1129.25,1129.25,7138
2020-12-01 11:16:00+05:30,1129.25,1129.6,1128.6,1128.75,8500
2020-12-01 11:17:00+05:30,1128.75,1129.15,1128.7,1129.1,8735
2020-12-01 11:18:00+05:30,1129,1129.1,1128.9,1128.9,5011
2020-12-01 11:19:00+05:30,1128.9,1129.2,1128.85,1129.2,8306
2020-12-01 11:20:00+05:30,1129,1129.5,1129,1129.35,5560
2020-12-01 11:21:00+05:30,1129.4,1129.9,1129.25,1129.8,8816
2020-12-01 11:22:00+05:30,1129.85,1129.95,1129.7,1129.9,5231
2020-12-01 11:23:00+05:30,1129.9,1130,1129.75,1129.95,9339
2020-12-01 11:24:00+05:30,1129.95,1130.25,1129.8,1130.25,9327
2020-12-01 11:25:00+05:30,1130.3,1130.5,1129.95,1130.5,12809
2020-12-01 11:26:00+05:30,1130.45,1130.5,1129.8,1130.1,13188
2020-12-01 11:27:00+05:30,1130.1,1130.2,1129.85,1130,5415
2020-12-01 11:28:00+05:30,1130,1130,1129.75,1129.75,6644
2020-12-01 11:29:00+05:30,1129.75,1129.8,1129.4,1129.55,6588
2020-12-01 11:30:00+05:30,1129.45,1130,1129.45,1129.95,8456
2020-12-01 11:31:00+05:30,1129.95,1130,1129.75,1129.8,5535
2020-12-01 11:32:00+05:30,1129.8,1129.9,1129.8,1129.8,3008
2020-12-01 11:33:00+05:30,1129.8,1129.9,1129.65,1129.7,7038
2020-12-01 11:34:00+05:30,1129.75,1129.75,1129.5,1129.6,7870
2020-12-01 11:35:00+05:30,1129.55,1129.6,1129.5,1129.5,11526
2020-12-01 11:36:00+05:30,1129.5,1129.6,1129.5,1129.55,5431
2020-12-01 11:37:00+05:30,1129.55,1129.6,1129.05,1129.25,21208
2020-12-01 11:38:00+05:30,1129.1,1129.4,1129.1,1129.35,4810
2020-12-01 11:39:00+05:30,1129.35,1129.4,1129.3,1129.3,3715
2020-12-01 11:40:00+05:30,1129.3,1129.35,1129.1,1129.15,8113
2020-12-01 11:41:00+05:30,1129.15,1129.2,1128.15,1128.8,15686
2020-12-01 11:42:00+05:30,1128.95,1129,1128.65,1128.7,4605
2020-12-01 11:43:00+05:30,1128.7,1128.95,1128.7,1128.85,5196
2020-12-01 11:44:00+05:30,1128.9,1129,1128.8,1129,4761
2020-12-01 11:45:00+05:30,1128.9,1129.15,1128.9,1129.15,4761
2020-12-01 11:46:00+05:30,1129.2,1129.3,1128.1,1128.35,13716
2020-12-01 11:47:00+05:30,1128.35,1128.7,1128.05,1128.4,8981
2020-12-01 11:48:00+05:30,1128.4,1128.45,1127,1127.9,30103
2020-12-01 11:49:00+05:30,1128,1128.05,1127.65,1127.9,10338
2020-12-01 11:50:00+05:30,1127.9,1127.95,1127.7,1127.8,3058
2020-12-01 11:51:00+05:30,1127.8,1127.9,1126.7,1126.8,24090
2020-12-01 11:52:00+05:30,1126.8,1128,1126.8,1127.7,8699
2020-12-01 11:53:00+05:30,1127.75,1128,1127.65,1127.85,5414
2020-12-01 11:54:00+05:30,1127.85,1128.5,1127.85,1128.5,6272
2020-12-01 11:55:00+05:30,1128.45,1129,1128.45,1128.95,14954
2020-12-01 11:56:00+05:30,1128.9,1129.5,1128.55,1128.55,22163
2020-12-01 11:57:00+05:30,1128.55,1129.1,1128.2,1129.05,5391
2020-12-01 11:58:00+05:30,1129.05,1129.45,1128.95,1129,8086
2020-12-01 11:59:00+05:30,1129.25,1129.9,1129,1129.85,9597
2020-12-01 12:00:00+05:30,1129.9,1129.9,1129.55,1129.85,9457
2020-12-01 12:01:00+05:30,1129.85,1130,1129.8,1129.9,9746
2020-12-01 12:02:00+05:30,1129.9,1130.85,1128.65,1129.65,42506
2020-12-01 12:03:00+05:30,1129.7,1130,1129.6,1129.75,7653
2020-12-01 12:04:00+05:30,1129.85,1129.9,1129.45,1129.9,15374
2020-12-01 12:05:00+05:30,1129.85,1129.95,1129.1,1129.3,8598
2020-12-01 12:06:00+05:30,1129.25,1129.45,1129,1129.2,5587
2020-12-01 12:07:00+05:30,1129.2,1129.55,1128.85,1129.45,8046
2020-12-01 12:08:00+05:30,1129.45,1129.8,1129.45,1129.7,11259
2020-12-01 12:09:00+05:30,1129.6,1129.8,1129.6,1129.75,6132
2020-12-01 12:10:00+05:30,1129.75,1129.85,1129.45,1129.65,22768
2020-12-01 12:11:00+05:30,1129.3,1129.9,1128.65,1128.85,21409
2020-12-01 12:12:00+05:30,1128.85,1129,1128.65,1128.85,8375
2020-12-01 12:13:00+05:30,1128.85,1129.05,1128.8,1129,4950
2020-12-01 12:14:00+05:30,1129.05,1130.1,1128.95,1130.05,26643
2020-12-01 12:15:00+05:30,1130.05,1130.15,1129.85,1129.85,8487
2020-12-01 12:16:00+05:30,1129.85,1130,1129.25,1129.95,11111
2020-12-01 12:17:00+05:30,1129.95,1130,1129.75,1130,8528
2020-12-01 12:18:00+05:30,1129.95,1130.05,1129.7,1129.7,7594
2020-12-01 12:19:00+05:30,1129.7,1129.75,1129.6,1129.65,3734
2020-12-01 12:20:00+05:30,1129.65,1130,1129.65,1129.7,6764
2020-12-01 12:21:00+05:30,1129.7,1129.8,1129.55,1129.55,11185
2020-12-01 12:22:00+05:30,1129.6,1129.65,1129.55,1129.6,4564
2020-12-01 12:23:00+05:30,1129.6,1129.65,1129.35,1129.5,11023
2020-12-01 12:24:00+05:30,1129.5,1129.5,1129.35,1129.35,8176
2020-12-01 12:25:00+05:30,1129.35,1129.4,1129.35,1129.4,4515
2020-12-01 12:26:00+05:30,1129.35,1129.4,1129.3,1129.3,20538
2020-12-01 12:27:00+05:30,1129.3,1129.4,1129.3,1129.4,8735
2020-12-01 12:28:00+05:30,1129.35,1129.55,1129.35,1129.45,16615
2020-12-01 12:29:00+05:30,1129.5,1129.55,1128.5,1128.95,23846
2020-12-01 12:30:00+05:30,1128.8,1128.95,1128.55,1128.8,23416
2020-12-01 12:31:00+05:30,1128.8,1129.25,1128.75,1128.95,8306
2020-12-01 12:32:00+05:30,1128.9,1129.25,1128.9,1129.2,7810
2020-12-01 12:33:00+05:30,1129.2,1129.45,1129.2,1129.45,10039
2020-12-01 12:34:00+05:30,1129.45,1129.5,1129.3,1129.3,13036
2020-12-01 12:35:00+05:30,1129.3,1129.35,1129.3,1129.3,10619
2020-12-01 12:36:00+05:30,1129.3,1129.35,1129.3,1129.35,13747
2020-12-01 12:37:00+05:30,1129.3,1129.45,1129.3,1129.4,9550
2020-12-01 12:38:00+05:30,1129.45,1129.5,1129.4,1129.5,5325
2020-12-01 12:39:00+05:30,1129.5,1130.6,1129.45,1130.6,35950
2020-12-01 12:40:00+05:30,1130.55,1130.7,1129.8,1130.2,22101
2020-12-01 12:41:00+05:30,1130.1,1130.5,1130.05,1130.25,7849
2020-12-01 12:42:00+05:30,1130.25,1130.85,1130.25,1130.4,14159
2020-12-01 12:43:00+05:30,1130.35,1130.45,1130.3,1130.4,5228
2020-12-01 12:44:00+05:30,1130.4,1130.4,1130,1130.05,7067
2020-12-01 12:45:00+05:30,1130.05,1130.1,1129.25,1129.25,13415
2020-12-01 12:46:00+05:30,1129.65,1130.2,1129.25,1130.2,26344
2020-12-01 12:47:00+05:30,1130,1130.25,1129.85,1130.05,10181
2020-12-01 12:48:00+05:30,1130.05,1130.15,1128.85,1129.85,58332
2020-12-01 12:49:00+05:30,1129.5,1130,1129.45,1129.8,5963
2020-12-01 12:50:00+05:30,1129.8,1129.9,1129.45,1129.7,4415
2020-12-01 12:51:00+05:30,1129.65,1129.75,1129.35,1129.7,10441
2020-12-01 12:52:00+05:30,1129.7,1129.75,1129.55,1129.55,2670
2020-12-01 12:53:00+05:30,1129.55,1129.6,1129.35,1129.35,8483
2020-12-01 12:54:00+05:30,1129,1129,1127.8,1128,21500
2020-12-01 12:55:00+05:30,1128,1129.5,1128,1129.45,13855
2020-12-01 12:56:00+05:30,1129.45,1129.45,1129,1129.2,4268
2020-12-01 12:57:00+05:30,1129.2,1129.4,1129.15,1129.35,6011
2020-12-01 12:58:00+05:30,1129.35,1129.4,1129.2,1129.4,18080
2020-12-01 12:59:00+05:30,1129.6,1130.2,1129.55,1130,17427
2020-12-01 13:00:00+05:30,1130,1130,1129.95,1129.95,7418
2020-12-01 13:01:00+05:30,1130,1130.2,1129.95,1130.05,11042
2020-12-01 13:02:00+05:30,1130.1,1130.95,1130.1,1130.85,14123
2020-12-01 13:03:00+05:30,1130.85,1130.85,1130.05,1130.75,10761
2020-12-01 13:04:00+05:30,1130.75,1133.15,1130.7,1132.15,95022
2020-12-01 13:05:00+05:30,1132.1,1132.15,1131,1131.15,21192
2020-12-01 13:06:00+05:30,1131.2,1131.3,1131,1131,8398
2020-12-01 13:07:00+05:30,1131,1131.35,1131,1131.1,9399
2020-12-01 13:08:00+05:30,1131.05,1131.2,1131.05,1131.15,7192
2020-12-01 13:09:00+05:30,1131.15,1131.8,1131.15,1131.8,6477
2020-12-01 13:10:00+05:30,1131.75,1132.2,1131.1,1131.5,17223
2020-12-01 13:11:00+05:30,1131.6,1131.95,1131.1,1131.8,15842
2020-12-01 13:12:00+05:30,1131.8,1131.95,1131.55,1131.75,3883
2020-12-01 13:13:00+05:30,1131.8,1131.85,1131.1,1131.15,9215
2020-12-01 13:14:00+05:30,1131.15,1131.15,1130.25,1130.3,8521
2020-12-01 13:15:00+05:30,1130.25,1130.3,1129.4,1129.4,10699
2020-12-01 13:16:00+05:30,1129.45,1130.75,1129.4,1130.35,9058
2020-12-01 13:17:00+05:30,1130.35,1131.55,1130.35,1131.5,9409
2020-12-01 13:18:00+05:30,1131.45,1131.6,1130.55,1130.8,13680
2020-12-01 13:19:00+05:30,1130.8,1130.8,1130.75,1130.8,4348
2020-12-01 13:20:00+05:30,1130.8,1130.8,1130.25,1130.4,7484
2020-12-01 13:21:00+05:30,1130.35,1130.9,1130.35,1130.85,6428
2020-12-01 13:22:00+05:30,1130.5,1130.95,1130.5,1130.95,4748
2020-12-01 13:23:00+05:30,1130.95,1131.4,1130.2,1130.4,8726
2020-12-01 13:24:00+05:30,1130.45,1131.2,1130.4,1131,7724
2020-12-01 13:25:00+05:30,1131.2,1131.2,1130.65,1130.8,10689
2020-12-01 13:26:00+05:30,1130.8,1130.8,1130.45,1130.65,6729
2020-12-01 13:27:00+05:30,1130.55,1130.7,1130.5,1130.5,5224
2020-12-01 13:28:00+05:30,1130.5,1131,1130.2,1130.7,10903
2020-12-01 13:29:00+05:30,1130.6,1131.2,1130.6,1131.15,8357
2020-12-01 13:30:00+05:30,1131.15,1131.25,1131,1131.1,6836
2020-12-01 13:31:00+05:30,1131.15,1131.2,1131.05,1131.05,5605
2020-12-01 13:32:00+05:30,1131.1,1132,1131.05,1132,26278
2020-12-01 13:33:00+05:30,1131.95,1132.5,1131.95,1132.2,21537
2020-12-01 13:34:00+05:30,1132.5,1132.5,1132.15,1132.45,7872
2020-12-01 13:35:00+05:30,1132.45,1132.45,1132.2,1132.35,9116
2020-12-01 13:36:00+05:30,1132.4,1132.4,1131.95,1132,12273
2020-12-01 13:37:00+05:30,1132,1132,1131.4,1131.45,6267
2020-12-01 13:38:00+05:30,1131.4,1131.55,1131.35,1131.45,6376
2020-12-01 13:39:00+05:30,1131.45,1132,1131.45,1131.75,11282
2020-12-01 13:40:00+05:30,1131.75,1131.75,1130.7,1131.15,11310
2020-12-01 13:41:00+05:30,1131.2,1131.5,1131.15,1131.45,4580
2020-12-01 13:42:00+05:30,1131.5,1131.55,1131.35,1131.35,6349
2020-12-01 13:43:00+05:30,1131.35,1131.5,1131,1131,14027
2020-12-01 13:44:00+05:30,1131.25,1131.25,1130.6,1130.85,6007
2020-12-01 13:45:00+05:30,1130.8,1131.5,1130.8,1131.5,6177
2020-12-01 13:46:00+05:30,1131.45,1131.5,1130.4,1131.25,9932
2020-12-01 13:47:00+05:30,1131.3,1131.45,1131.25,1131.45,4653
2020-12-01 13:48:00+05:30,1131.4,1131.45,1131.4,1131.45,3453
2020-12-01 13:49:00+05:30,1131.45,1131.55,1131.4,1131.55,7059
2020-12-01 13:50:00+05:30,1131.55,1131.75,1131.5,1131.55,8216
2020-12-01 13:51:00+05:30,1131.55,1131.65,1130.7,1130.8,9973
2020-12-01 13:52:00+05:30,1130.8,1131.45,1130.7,1131.45,4442
2020-12-01 13:53:00+05:30,1131.5,1131.55,1131.45,1131.5,6678
2020-12-01 13:54:00+05:30,1131.5,1131.65,1131.45,1131.6,6171
2020-12-01 13:55:00+05:30,1131.55,1131.65,1130.6,1130.75,8940
2020-12-01 13:56:00+05:30,1130.7,1130.8,1130.25,1130.5,10697
2020-12-01 13:57:00+05:30,1130.5,1131,1130.5,1130.9,6206
2020-12-01 13:58:00+05:30,1130.9,1131.4,1130.85,1131,10331
2020-12-01 13:59:00+05:30,1130.95,1131,1130.8,1131,4836
2020-12-01 14:00:00+05:30,1131,1131.15,1131,1131.15,4650
2020-12-01 14:01:00+05:30,1131.05,1131.25,1130.65,1130.7,12031
2020-12-01 14:02:00+05:30,1130.7,1130.85,1130.4,1130.6,8819
2020-12-01 14:03:00+05:30,1130.6,1130.8,1130.6,1130.75,5462
2020-12-01 14:04:00+05:30,1130.8,1131,1130.75,1130.95,7379
2020-12-01 14:05:00+05:30,1130.95,1131.2,1130.95,1131.1,8769
2020-12-01 14:06:00+05:30,1131.1,1131.7,1131.1,1131.7,8073
2020-12-01 14:07:00+05:30,1131.75,1132.15,1131.7,1132.05,25385
2020-12-01 14:08:00+05:30,1132.05,1132.6,1132.05,1132.5,19543
2020-12-01 14:09:00+05:30,1132.5,1132.95,1131.8,1132,16538
2020-12-01 14:10:00+05:30,1132,1132.5,1131.95,1132,8599
2020-12-01 14:11:00+05:30,1132,1132.5,1131.75,1132.5,11113
2020-12-01 14:12:00+05:30,1132.35,1132.95,1132.35,1132.8,11039
2020-12-01 14:13:00+05:30,1132.8,1133,1132,1132.4,10998
2020-12-01 14:14:00+05:30,1132.45,1132.8,1132.4,1132.6,6665
2020-12-01 14:15:00+05:30,1132.6,1132.7,1132.4,1132.4,5811
2020-12-01 14:16:00+05:30,1132.45,1132.6,1132.2,1132.45,10137
2020-12-01 14:17:00+05:30,1132.5,1132.9,1132.45,1132.85,10175
2020-12-01 14:18:00+05:30,1132.8,1133,1132.8,1132.95,13599
2020-12-01 14:19:00+05:30,1133,1133.25,1132.95,1133.1,29991
2020-12-01 14:20:00+05:30,1133.15,1133.15,1132.15,1132.3,11779
2020-12-01 14:21:00+05:30,1132.3,1132.65,1132.3,1132.6,5724
2020-12-01 14:22:00+05:30,1132.55,1132.75,1132.55,1132.7,4232
2020-12-01 14:23:00+05:30,1132.75,1134,1132.7,1133.85,35312
2020-12-01 14:24:00+05:30,1134,1134,1133.25,1133.3,23723
2020-12-01 14:25:00+05:30,1133,1133.45,1133,1133.3,7164
2020-12-01 14:26:00+05:30,1133.3,1133.45,1133.05,1133.25,12688
2020-12-01 14:27:00+05:30,1133.25,1133.45,1133.05,1133.35,6514
2020-12-01 14:28:00+05:30,1133.4,1133.85,1133.35,1133.8,7808
2020-12-01 14:29:00+05:30,1133.8,1134,1133.8,1134,19413
2020-12-01 14:30:00+05:30,1134.1,1134.65,1133.5,1133.9,21174
2020-12-01 14:31:00+05:30,1133.85,1134.05,1133.8,1133.8,5700
2020-12-01 14:32:00+05:30,1133.85,1133.85,1133,1133.25,15488
2020-12-01 14:33:00+05:30,1133.25,1133.25,1132.95,1133.05,10206
2020-12-01 14:34:00+05:30,1132.95,1133.1,1132.85,1132.85,10850
2020-12-01 14:35:00+05:30,1132.85,1133,1132.15,1132.55,11837
2020-12-01 14:36:00+05:30,1132.4,1132.5,1132.2,1132.45,5596
2020-12-01 14:37:00+05:30,1132.5,1132.7,1132.45,1132.55,8745
2020-12-01 14:38:00+05:30,1132.55,1132.55,1132.15,1132.15,8216
2020-12-01 14:39:00+05:30,1132.2,1133,1132.15,1132.95,13735
2020-12-01 14:40:00+05:30,1133,1133,1132.5,1132.95,7554
2020-12-01 14:41:00+05:30,1132.95,1132.95,1132.75,1132.8,8660
2020-12-01 14:42:00+05:30,1132.8,1132.9,1132.7,1132.7,4507
2020-12-01 14:43:00+05:30,1132.7,1132.7,1132.5,1132.5,6917
2020-12-01 14:44:00+05:30,1132.5,1132.8,1132.5,1132.5,10007
2020-12-01 14:45:00+05:30,1132.5,1132.55,1131.6,1131.9,29215
2020-12-01 14:46:00+05:30,1131.9,1132.3,1131.85,1132.1,11421
2020-12-01 14:47:00+05:30,1132.05,1132.25,1132,1132.25,6739
2020-12-01 14:48:00+05:30,1132.2,1132.8,1132.2,1132.7,7331
2020-12-01 14:49:00+05:30,1132.8,1132.85,1132.5,1132.85,11143
2020-12-01 14:50:00+05:30,1132.8,1133,1132.75,1133,7911
2020-12-01 14:51:00+05:30,1133,1133,1132.8,1132.8,8947
2020-12-01 14:52:00+05:30,1132.9,1132.9,1132.5,1132.6,9351
2020-12-01 14:53:00+05:30,1132.5,1132.6,1132,1132.15,8330
2020-12-01 14:54:00+05:30,1132.2,1132.6,1132,1132.45,10361
2020-12-01 14:55:00+05:30,1132.45,1132.65,1132.35,1132.5,6870
2020-12-01 14:56:00+05:30,1132.5,1133.3,1132.5,1133.3,11280
2020-12-01 14:57:00+05:30,1133.3,1133.5,1133,1133,13659
2020-12-01 14:58:00+05:30,1133,1133.2,1133,1133.2,5569
2020-12-01 14:59:00+05:30,1133.15,1133.45,1133.15,1133.4,12759
2020-12-01 15:00:00+05:30,1133.3,1135,1133.3,1134.75,145458
2020-12-01 15:01:00+05:30,1134.8,1137,1134.75,1136.95,88102
2020-12-01 15:02:00+05:30,1136.7,1137.85,1136.45,1136.55,116090
2020-12-01 15:03:00+05:30,1136.6,1136.6,1135.5,1135.8,42952
2020-12-01 15:04:00+05:30,1135.8,1137.8,1135.8,1137.05,95778
2020-12-01 15:05:00+05:30,1137.05,1138.9,1137.05,1138.2,69766
2020-12-01 15:06:00+05:30,1138.45,1139.3,1138.25,1139.3,64436
2020-12-01 15:07:00+05:30,1139.15,1139.5,1137.5,1137.95,80463
2020-12-01 15:08:00+05:30,1137.8,1139.45,1137.8,1139.4,71619
2020-12-01 15:09:00+05:30,1139.25,1139.4,1138.5,1139.05,54658
2020-12-01 15:10:00+05:30,1139.15,1139.4,1139.1,1139.3,57074
2020-12-01 15:11:00+05:30,1138.45,1139.2,1138.1,1139,66238
2020-12-01 15:12:00+05:30,1139,1139.3,1138.95,1139.25,57674
2020-12-01 15:13:00+05:30,1139.25,1139.3,1138.15,1138.4,109800
2020-12-01 15:14:00+05:30,1138.4,1139.6,1138.35,1139.15,141928
2020-12-01 15:15:00+05:30,1139.05,1139.1,1137.9,1137.9,85727
2020-12-01 15:16:00+05:30,1138,1138.1,1136.45,1136.8,90772
2020-12-01 15:17:00+05:30,1136.95,1137,1135.25,1135.25,81713
2020-12-01 15:18:00+05:30,1135.25,1137.95,1135.2,1137.7,126165
2020-12-01 15:19:00+05:30,1137.7,1139.15,1137.6,1138.95,70477
2020-12-01 15:20:00+05:30,1139,1139,1137.95,1138.3,117331
2020-12-01 15:21:00+05:30,1138.95,1140,1137.95,1138,146705
2020-12-01 15:22:00+05:30,1137.95,1138,1137.35,1137.6,49353
2020-12-01 15:23:00+05:30,1137.6,1138.9,1137.6,1138.4,81064
2020-12-01 15:24:00+05:30,1138.35,1138.4,1138.2,1138.3,37792
2020-12-01 15:25:00+05:30,1138.3,1138.4,1138.3,1138.35,36866
2020-12-01 15:26:00+05:30,1138.35,1139.2,1138.3,1139.05,64332
2020-12-01 15:27:00+05:30,1139.1,1139.3,1138,1138,45140
2020-12-01 15:28:00+05:30,1137.85,1137.95,1136.5,1137.3,20310
2020-12-01 15:29:00+05:30,1137.15,1137.45,1136.15,1137,17086
2020-12-02 09:15:00+05:30,1134,1134,1127.55,1131.4,160103
2020-12-02 09:16:00+05:30,1131.05,1132.25,1128.5,1129.9,113837
2020-12-02 09:17:00+05:30,1129.2,1132.8,1129.2,1131.6,56478
2020-12-02 09:18:00+05:30,1131.6,1131.9,1129.15,1130.5,36930
2020-12-02 09:19:00+05:30,1130.5,1132,1129.5,1129.75,30611
2020-12-02 09:20:00+05:30,1130,1134,1130,1133.85,45504
2020-12-02 09:21:00+05:30,1133.45,1135.5,1133,1133.65,44956
2020-12-02 09:22:00+05:30,1133.65,1133.8,1131.05,1131.1,28073
2020-12-02 09:23:00+05:30,1131.4,1133,1131.05,1132,29676
2020-12-02 09:24:00+05:30,1132,1132.7,1131.25,1131.4,16873
2020-12-02 09:25:00+05:30,1131.1,1131.65,1129.95,1131.35,36026
2020-12-02 09:26:00+05:30,1131.35,1133,1131.1,1131.15,17162
2020-12-02 09:27:00+05:30,1131.4,1132.15,1131.15,1131.7,11191
2020-12-02 09:28:00+05:30,1131.7,1131.7,1130.1,1130.5,14821
2020-12-02 09:29:00+05:30,1130.35,1130.5,1126.2,1126.9,70343
2020-12-02 09:30:00+05:30,1127,1129.05,1126.9,1127.5,35654
2020-12-02 09:31:00+05:30,1127.8,1129.3,1127.5,1128.7,13624
2020-12-02 09:32:00+05:30,1128.2,1129.45,1126.35,1126.9,47013
2020-12-02 09:33:00+05:30,1127,1128.1,1126.1,1128.1,27634
2020-12-02 09:34:00+05:30,1128,1128.6,1127,1127.2,19510
2020-12-02 09:35:00+05:30,1127.2,1127.55,1125.6,1125.6,30921
2020-12-02 09:36:00+05:30,1125.9,1126.5,1125.6,1126.5,26850
2020-12-02 09:37:00+05:30,1126.5,1127,1126,1127,13977
2020-12-02 09:38:00+05:30,1127,1128.45,1126.7,1128.3,13639
2020-12-02 09:39:00+05:30,1128.45,1129,1126.5,1127.4,27300
2020-12-02 09:40:00+05:30,1127.4,1127.7,1127,1127.5,9469
2020-12-02 09:41:00+05:30,1127.5,1127.6,1127,1127.25,9553
2020-12-02 09:42:00+05:30,1127.25,1127.25,1126.5,1126.7,15545
2020-12-02 09:43:00+05:30,1126.3,1128,1126.3,1127.85,9023
2020-12-02 09:44:00+05:30,1127.6,1127.9,1126.7,1127.5,7683
2020-12-02 09:45:00+05:30,1127.55,1127.8,1126.1,1126.25,7749
2020-12-02 09:46:00+05:30,1126.25,1126.25,1124.4,1125.2,56325
2020-12-02 09:47:00+05:30,1125.45,1125.8,1125,1125.05,12602
2020-12-02 09:48:00+05:30,1125,1125.8,1125,1125.65,8887
2020-12-02 09:49:00+05:30,1125.65,1125.65,1124.45,1125.5,24790
2020-12-02 09:50:00+05:30,1126.3,1126.6,1125.3,1125.7,10135
2020-12-02 09:51:00+05:30,1125.7,1125.8,1125,1125.35,7934
2020-12-02 09:52:00+05:30,1125.5,1127.5,1125.3,1127.35,26813
2020-12-02 09:53:00+05:30,1127.3,1127.5,1126,1126.6,9491
2020-12-02 09:54:00+05:30,1126.6,1127,1126.5,1126.95,4817
2020-12-02 09:55:00+05:30,1127.5,1127.6,1125.5,1126.05,13687
2020-12-02 09:56:00+05:30,1126.05,1126.05,1125.1,1125.55,10288
2020-12-02 09:57:00+05:30,1125.55,1125.65,1123.6,1124,44659
2020-12-02 09:58:00+05:30,1124,1125.8,1124,1125.75,9529
2020-12-02 09:59:00+05:30,1125.7,1125.7,1125,1125,6003
2020-12-02 10:00:00+05:30,1125,1125.3,1124.3,1124.5,6010
2020-12-02 10:01:00+05:30,1124.75,1125.2,1124.45,1124.95,7775
2020-12-02 10:02:00+05:30,1124.95,1124.95,1124,1124.1,12790
2020-12-02 10:03:00+05:30,1124.55,1124.8,1124,1124.2,7614
2020-12-02 10:04:00+05:30,1124.05,1124.3,1123.5,1123.55,11949
2020-12-02 10:05:00+05:30,1123.55,1123.75,1122.2,1122.5,32352
2020-12-02 10:06:00+05:30,1122.45,1122.7,1122,1122.05,30325
2020-12-02 10:07:00+05:30,1122.1,1122.85,1121,1122.85,34947
2020-12-02 10:08:00+05:30,1122.2,1123.75,1122.2,1123.5,12973
2020-12-02 10:09:00+05:30,1123.6,1124.75,1123.5,1124.1,12283
2020-12-02 10:10:00+05:30,1124.05,1124.55,1123.6,1123.65,10730
2020-12-02 10:11:00+05:30,1123.5,1123.55,1123,1123.2,3194
2020-12-02 10:12:00+05:30,1123.3,1124.2,1123.15,1124.1,8496
2020-12-02 10:13:00+05:30,1124.1,1124.9,1124,1124.55,11783
2020-12-02 10:14:00+05:30,1124.55,1124.55,1124,1124.5,4926
2020-12-02 10:15:00+05:30,1124.5,1124.5,1123.9,1123.9,7759
2020-12-02 10:16:00+05:30,1124.05,1124.05,1123,1123.15,14208
2020-12-02 10:17:00+05:30,1123.3,1123.75,1123.05,1123.45,7903
2020-12-02 10:18:00+05:30,1123.55,1124.5,1123.3,1124.15,4285
2020-12-02 10:19:00+05:30,1124.4,1125,1124,1124.5,5702
2020-12-02 10:20:00+05:30,1124.5,1124.6,1123.8,1124.25,20289
2020-12-02 10:21:00+05:30,1124.05,1124.25,1123.5,1123.85,7929
2020-12-02 10:22:00+05:30,1123.95,1124.5,1123.8,1124.25,6298
2020-12-02 10:23:00+05:30,1124.25,1124.5,1124,1124.45,4232
2020-12-02 10:24:00+05:30,1124.45,1125.95,1124.15,1125.65,12612
2020-12-02 10:25:00+05:30,1125.65,1125.65,1124.55,1124.75,9395
2020-12-02 10:26:00+05:30,1124.75,1125.65,1124.6,1125.25,8094
2020-12-02 10:27:00+05:30,1125.5,1126.7,1125.3,1126.45,14368
2020-12-02 10:28:00+05:30,1126.45,1126.45,1125.5,1126,8455
2020-12-02 10:29:00+05:30,1126,1126.3,1125.5,1126.05,7436
2020-12-02 10:30:00+05:30,1125.65,1126.3,1125.5,1126.25,4989
2020-12-02 10:31:00+05:30,1126.2,1127.5,1125.1,1126.8,27135
2020-12-02 10:32:00+05:30,1126.5,1126.75,1125.3,1125.6,18470
2020-12-02 10:33:00+05:30,1125.6,1125.6,1125.25,1125.3,9843
2020-12-02 10:34:00+05:30,1125.3,1125.3,1125,1125.2,11210
2020-12-02 10:35:00+05:30,1125.15,1126,1125.1,1126,8060
2020-12-02 10:36:00+05:30,1126,1126.7,1125.95,1126.1,10077
2020-12-02 10:37:00+05:30,1126.3,1130,1126.15,1130,45279
2020-12-02 10:38:00+05:30,1129.55,1130.65,1128.4,1128.4,45519
2020-12-02 10:39:00+05:30,1128.55,1129.9,1128.55,1129.2,21484
2020-12-02 10:40:00+05:30,1129.25,1129.3,1127.8,1128.05,18392
2020-12-02 10:41:00+05:30,1128.1,1129,1128.1,1128.85,10597
2020-12-02 10:42:00+05:30,1128.85,1129.5,1128.65,1129.35,10956
2020-12-02 10:43:00+05:30,1129.35,1129.45,1128.1,1128.1,9015
2020-12-02 10:44:00+05:30,1128.15,1129.15,1128.05,1128.75,15127
2020-12-02 10:45:00+05:30,1128.75,1129.65,1128.75,1129.25,11083
2020-12-02 10:46:00+05:30,1129.25,1129.25,1128.2,1128.45,5159
2020-12-02 10:47:00+05:30,1128.45,1128.45,1128,1128.05,9582
2020-12-02 10:48:00+05:30,1128.05,1129.5,1128,1129.2,11952
2020-12-02 10:49:00+05:30,1129.6,1129.75,1129.05,1129.2,11425
2020-12-02 10:50:00+05:30,1129.2,1129.5,1128.15,1128.7,8963
2020-12-02 10:51:00+05:30,1128.7,1129.4,1128.55,1129.35,8646
2020-12-02 10:52:00+05:30,1129.35,1129.5,1129,1129.25,2697
2020-12-02 10:53:00+05:30,1129,1129.25,1128.5,1128.75,6889
2020-12-02 10:54:00+05:30,1128.75,1128.75,1128.1,1128.4,6317
2020-12-02 10:55:00+05:30,1128.55,1128.9,1128.15,1128.45,5811
2020-12-02 10:56:00+05:30,1128.45,1128.75,1128.1,1128.15,6374
2020-12-02 10:57:00+05:30,1128.15,1128.35,1127.7,1127.75,7818
2020-12-02 10:58:00+05:30,1127.75,1128.6,1127.25,1128,13068
2020-12-02 10:59:00+05:30,1128.35,1128.35,1127.6,1128,7309
2020-12-02 11:00:00+05:30,1128,1128.35,1127.6,1127.7,9656
2020-12-02 11:01:00+05:30,1127.7,1127.75,1127,1127.2,8707
2020-12-02 11:02:00+05:30,1127.35,1127.6,1126.15,1126.4,10247
2020-12-02 11:03:00+05:30,1126.35,1126.6,1125.6,1125.85,11423
2020-12-02 11:04:00+05:30,1125.9,1126.2,1125.75,1125.95,5049
2020-12-02 11:05:00+05:30,1125.95,1126.4,1125.25,1126.3,9244
2020-12-02 11:06:00+05:30,1126.3,1126.3,1125.7,1125.9,6562
2020-12-02 11:07:00+05:30,1125.9,1125.9,1125.35,1125.35,5539
2020-12-02 11:08:00+05:30,1125.35,1125.65,1125.1,1125.55,7390
2020-12-02 11:09:00+05:30,1125.55,1126,1125.15,1125.6,5121
2020-12-02 11:10:00+05:30,1125.75,1125.75,1125.2,1125.3,5348
2020-12-02 11:11:00+05:30,1125.3,1126.2,1125.25,1125.95,6919
2020-12-02 11:12:00+05:30,1125.95,1125.95,1125.5,1125.75,4628
2020-12-02 11:13:00+05:30,1125.5,1126,1125.05,1125.4,11690
2020-12-02 11:14:00+05:30,1125.4,1126.2,1125.1,1126.05,7659
2020-12-02 11:15:00+05:30,1126.05,1127,1125.5,1126.65,7933
2020-12-02 11:16:00+05:30,1126.65,1126.9,1125.35,1125.45,8001
2020-12-02 11:17:00+05:30,1125.45,1125.45,1123.15,1124,32837
2020-12-02 11:18:00+05:30,1124.05,1124.2,1123.5,1123.6,8064
2020-12-02 11:19:00+05:30,1123.65,1124.25,1123.55,1123.9,7843
2020-12-02 11:20:00+05:30,1123.9,1124.05,1123.5,1123.75,9323
2020-12-02 11:21:00+05:30,1123.75,1123.8,1123.5,1123.55,4313
2020-12-02 11:22:00+05:30,1123.55,1124.2,1123.5,1124.15,5363
2020-12-02 11:23:00+05:30,1124.15,1124.2,1123.95,1123.95,5737
2020-12-02 11:24:00+05:30,1123.95,1124.2,1123.95,1123.95,5064
2020-12-02 11:25:00+05:30,1123.95,1124.4,1123.75,1124.15,6292
2020-12-02 11:26:00+05:30,1124.15,1124.15,1123.5,1123.6,4606
2020-12-02 11:27:00+05:30,1123.6,1123.6,1121.8,1122.2,44198
2020-12-02 11:28:00+05:30,1121.75,1122.95,1121.6,1122.65,17847
2020-12-02 11:29:00+05:30,1122.2,1123,1122.2,1122.45,6212
2020-12-02 11:30:00+05:30,1122.5,1122.5,1121.5,1121.5,15478
2020-12-02 11:31:00+05:30,1121.45,1122,1121.4,1122,10528
2020-12-02 11:32:00+05:30,1121.8,1122,1121.5,1121.75,5702
2020-12-02 11:33:00+05:30,1121.75,1122.95,1121.7,1122.75,12316
2020-12-02 11:34:00+05:30,1122.35,1126.15,1122.05,1124.85,45478
2020-12-02 11:35:00+05:30,1124.45,1124.85,1123.85,1124.2,7821
2020-12-02 11:36:00+05:30,1124.05,1124.6,1123.5,1123.55,8591
2020-12-02 11:37:00+05:30,1123.2,1123.55,1122.5,1123,6440
2020-12-02 11:38:00+05:30,1122.6,1124,1122.5,1123.95,6075
2020-12-02 11:39:00+05:30,1123.95,1124,1123.05,1123.45,4928
2020-12-02 11:40:00+05:30,1123.25,1123.45,1123.25,1123.35,5170
2020-12-02 11:41:00+05:30,1123.3,1123.4,1123.2,1123.25,5462
2020-12-02 11:42:00+05:30,1123.2,1123.7,1123.2,1123.7,4983
2020-12-02 11:43:00+05:30,1123.5,1123.9,1123.45,1123.65,6468
2020-12-02 11:44:00+05:30,1123.65,1123.65,1123,1123.05,8208
2020-12-02 11:45:00+05:30,1123,1124.1,1122.6,1123.35,30662
2020-12-02 11:46:00+05:30,1123.35,1123.85,1123,1123.3,6701
2020-12-02 11:47:00+05:30,1122.85,1123.45,1122.7,1122.85,4326
2020-12-02 11:48:00+05:30,1122.7,1123.55,1122.55,1123.25,5860
2020-12-02 11:49:00+05:30,1123.25,1123.3,1122.7,1123,6437
2020-12-02 11:50:00+05:30,1122.85,1123,1122,1122.75,12051
2020-12-02 11:51:00+05:30,1122.6,1123,1122.05,1122.95,5864
2020-12-02 11:52:00+05:30,1123.05,1123.1,1122.4,1122.9,5482
2020-12-02 11:53:00+05:30,1122.5,1123.6,1122.5,1123.2,6180
2020-12-02 11:54:00+05:30,1123,1123.2,1122.8,1122.85,3874
2020-12-02 11:55:00+05:30,1122.85,1123.15,1122.5,1122.95,5154
2020-12-02 11:56:00+05:30,1122.7,1123.15,1122.5,1123,5423
2020-12-02 11:57:00+05:30,1123,1123.1,1122.6,1122.95,3998
2020-12-02 11:58:00+05:30,1122.7,1123.2,1122.5,1123.15,4539
2020-12-02 11:59:00+05:30,1123.15,1123.3,1122.55,1123,4762
2020-12-02 12:00:00+05:30,1122.85,1123.35,1122.85,1123.25,3646
2020-12-02 12:01:00+05:30,1123.05,1124.55,1123,1124.5,7780
2020-12-02 12:02:00+05:30,1124.45,1124.45,1123.8,1123.8,7722
2020-12-02 12:03:00+05:30,1123.8,1124.1,1123.8,1123.9,4879
2020-12-02 12:04:00+05:30,1123.9,1124.05,1123.6,1124,5895
2020-12-02 12:05:00+05:30,1123.95,1124.4,1123.6,1123.75,5771
2020-12-02 12:06:00+05:30,1123.6,1124.15,1123.1,1123.1,3941
2020-12-02 12:07:00+05:30,1123.05,1123.7,1123,1123.3,5391
2020-12-02 12:08:00+05:30,1123.15,1123.6,1123.1,1123.25,4188
2020-12-02 12:09:00+05:30,1123.05,1123.25,1122.5,1122.8,9096
2020-12-02 12:10:00+05:30,1122.5,1123,1122.3,1122.9,8758
2020-12-02 12:11:00+05:30,1122.65,1122.95,1122.4,1122.8,2790
2020-12-02 12:12:00+05:30,1122.9,1123.4,1122.5,1123.35,5492
2020-12-02 12:13:00+05:30,1123.4,1125.7,1123.2,1125,28381
2020-12-02 12:14:00+05:30,1125,1125,1124.25,1124.95,13750
2020-12-02 12:15:00+05:30,1124.95,1126,1124.1,1124.55,20471
2020-12-02 12:16:00+05:30,1124.8,1125.45,1124.5,1125.2,6702
2020-12-02 12:17:00+05:30,1125,1125.3,1124.55,1125,7295
2020-12-02 12:18:00+05:30,1125,1125.5,1124.6,1125.5,9744
2020-12-02 12:19:00+05:30,1125.5,1126,1125.2,1125.6,10372
2020-12-02 12:20:00+05:30,1125.6,1125.95,1125,1125.35,14018
2020-12-02 12:21:00+05:30,1125.35,1126,1125.15,1125.3,25850
2020-12-02 12:22:00+05:30,1125.2,1125.3,1125,1125.1,5453
2020-12-02 12:23:00+05:30,1125,1125.3,1124.5,1124.5,7375
2020-12-02 12:24:00+05:30,1124.65,1124.75,1124.2,1124.65,4562
2020-12-02 12:25:00+05:30,1124.65,1125,1124.25,1124.85,13400
2020-12-02 12:26:00+05:30,1124.4,1125.3,1124.4,1125.3,8169
2020-12-02 12:27:00+05:30,1125.3,1126.25,1125.1,1125.7,25467
2020-12-02 12:28:00+05:30,1125.7,1126.25,1125.2,1125.3,12229
2020-12-02 12:29:00+05:30,1125.35,1126.05,1125,1126,13833
2020-12-02 12:30:00+05:30,1126.05,1127.45,1125.55,1126.35,29315
2020-12-02 12:31:00+05:30,1126.4,1127.5,1126.05,1126.45,33536
2020-12-02 12:32:00+05:30,1126.4,1126.45,1126,1126.2,8408
2020-12-02 12:33:00+05:30,1126.05,1126.2,1125.15,1125.6,12364
2020-12-02 12:34:00+05:30,1125.6,1126.1,1125.1,1126,8736
2020-12-02 12:35:00+05:30,1125.75,1126.5,1125.6,1126,6439
2020-12-02 12:36:00+05:30,1125.6,1126.6,1125.6,1126,8077
2020-12-02 12:37:00+05:30,1126,1126.75,1125.85,1126.75,14442
2020-12-02 12:38:00+05:30,1126.75,1127,1126.35,1126.5,7923
2020-12-02 12:39:00+05:30,1126.5,1126.5,1125.55,1126,8586
2020-12-02 12:40:00+05:30,1126,1126.65,1126,1126.3,5453
2020-12-02 12:41:00+05:30,1126.3,1127.5,1126.3,1126.85,23881
2020-12-02 12:42:00+05:30,1127,1127,1126.4,1126.8,5052
2020-12-02 12:43:00+05:30,1126.7,1126.85,1126.35,1126.35,3992
2020-12-02 12:44:00+05:30,1126.3,1127.1,1126.15,1127.1,6218
2020-12-02 12:45:00+05:30,1127.05,1127.4,1127,1127,6521
2020-12-02 12:46:00+05:30,1127.15,1127.15,1126.4,1126.9,8049
2020-12-02 12:47:00+05:30,1126.9,1127,1126.35,1126.9,10951
2020-12-02 12:48:00+05:30,1126.9,1128.5,1126.75,1128.2,32302
2020-12-02 12:49:00+05:30,1128.2,1128.5,1128,1128.4,8236
2020-12-02 12:50:00+05:30,1128.4,1129.8,1128.35,1129.75,36002
2020-12-02 12:51:00+05:30,1129.4,1131,1129.4,1130.75,44702
2020-12-02 12:52:00+05:30,1130.75,1130.85,1130.15,1130.85,19562
2020-12-02 12:53:00+05:30,1130.7,1130.95,1129.7,1129.7,16615
2020-12-02 12:54:00+05:30,1130.05,1130.05,1128.8,1129.45,16758
2020-12-02 12:55:00+05:30,1129.45,1129.8,1129,1129.35,9867
2020-12-02 12:56:00+05:30,1129.35,1129.75,1129,1129.55,7139
2020-12-02 12:57:00+05:30,1129.55,1130.15,1128.8,1129.55,29354
2020-12-02 12:58:00+05:30,1129.35,1130,1128.75,1129.9,21546
2020-12-02 12:59:00+05:30,1129.75,1129.95,1129.5,1129.7,9758
2020-12-02 13:00:00+05:30,1129.7,1129.95,1128.65,1129.5,31117
2020-12-02 13:01:00+05:30,1129.5,1129.7,1127.5,1127.75,18758
2020-12-02 13:02:00+05:30,1127.5,1128,1126.55,1127,13669
2020-12-02 13:03:00+05:30,1126.8,1127.6,1126.5,1127.35,12542
2020-12-02 13:04:00+05:30,1127.35,1127.6,1126.5,1126.7,11711
2020-12-02 13:05:00+05:30,1126.6,1127.5,1126.15,1126.95,10564
2020-12-02 13:06:00+05:30,1127.25,1128.4,1127.1,1128.4,15314
2020-12-02 13:07:00+05:30,1128.4,1128.4,1127,1127.45,8137
2020-12-02 13:08:00+05:30,1127.4,1128.4,1127,1127.9,6822
2020-12-02 13:09:00+05:30,1127.5,1128.35,1127.3,1127.85,5779
2020-12-02 13:10:00+05:30,1127.85,1128.35,1127.45,1127.75,5821
2020-12-02 13:11:00+05:30,1127.5,1128,1127.5,1127.7,5193
2020-12-02 13:12:00+05:30,1127.7,1128.35,1127.2,1127.2,19499
2020-12-02 13:13:00+05:30,1127.5,1127.5,1126.25,1126.7,11462
2020-12-02 13:14:00+05:30,1126,1126.5,1124.5,1125,31879
2020-12-02 13:15:00+05:30,1125,1126.05,1124,1125.95,14978
2020-12-02 13:16:00+05:30,1125.9,1127.3,1125,1126.95,5869
2020-12-02 13:17:00+05:30,1126.6,1127.5,1126.45,1126.8,12286
2020-12-02 13:18:00+05:30,1126.8,1127.5,1126.3,1126.95,7989
2020-12-02 13:19:00+05:30,1126.3,1127.4,1125.6,1126,27638
2020-12-02 13:20:00+05:30,1126,1127,1125.1,1127,14725
2020-12-02 13:21:00+05:30,1126.6,1128.9,1126.6,1127.9,18058
2020-12-02 13:22:00+05:30,1127.6,1127.75,1126,1126.45,13897
2020-12-02 13:23:00+05:30,1126.45,1126.6,1125.35,1125.6,6826
2020-12-02 13:24:00+05:30,1125.6,1126.15,1125.25,1125.25,5367
2020-12-02 13:25:00+05:30,1125.15,1125.4,1125,1125.3,6850
2020-12-02 13:26:00+05:30,1125,1125.6,1125,1125.55,3680
2020-12-02 13:27:00+05:30,1125.55,1125.95,1125.05,1125.85,6997
2020-12-02 13:28:00+05:30,1125.4,1126.3,1125,1125.65,10322
2020-12-02 13:29:00+05:30,1125.5,1125.5,1125,1125.05,5136
2020-12-02 13:30:00+05:30,1124.7,1125,1123,1123.4,18937
2020-12-02 13:31:00+05:30,1123.05,1124.65,1123.05,1123.75,11648
2020-12-02 13:32:00+05:30,1123.3,1124,1123.1,1123.8,8458
2020-12-02 13:33:00+05:30,1123.2,1124,1123.15,1123.15,7456
2020-12-02 13:34:00+05:30,1123.1,1124,1122.5,1123.75,14017
2020-12-02 13:35:00+05:30,1123.5,1124.55,1123.1,1124.55,9581
2020-12-02 13:36:00+05:30,1123.8,1124,1122.5,1123.25,11704
2020-12-02 13:37:00+05:30,1122.85,1123.5,1122.5,1123.05,17229
2020-12-02 13:38:00+05:30,1122.8,1123.95,1122.7,1123.45,6778
2020-12-02 13:39:00+05:30,1122.85,1123.5,1121.9,1122,23552
2020-12-02 13:40:00+05:30,1121.5,1122.8,1121.5,1121.6,9375
2020-12-02 13:41:00+05:30,1121.85,1122.5,1121.5,1121.8,13740
2020-12-02 13:42:00+05:30,1121.65,1122.25,1121.55,1122.25,7340
2020-12-02 13:43:00+05:30,1122.1,1122.5,1121.65,1121.8,8340
2020-12-02 13:44:00+05:30,1121.85,1122.8,1121.85,1122.4,7601
2020-12-02 13:45:00+05:30,1122.95,1123.55,1122.5,1123.3,7681
2020-12-02 13:46:00+05:30,1123.3,1125,1123.1,1124.4,10592
2020-12-02 13:47:00+05:30,1124.8,1124.85,1123.75,1123.95,8007
2020-12-02 13:48:00+05:30,1123.65,1124.65,1123.55,1124,6280
2020-12-02 13:49:00+05:30,1124,1124.6,1123.85,1124.4,5035
2020-12-02 13:50:00+05:30,1123.85,1124.3,1123.5,1123.8,4956
2020-12-02 13:51:00+05:30,1123.8,1124.45,1123.5,1124.05,5708
2020-12-02 13:52:00+05:30,1123.85,1124.4,1123.5,1124.35,6833
2020-12-02 13:53:00+05:30,1124.35,1125.3,1123.65,1124.6,12584
2020-12-02 13:54:00+05:30,1124.45,1125,1124,1124.1,6896
2020-12-02 13:55:00+05:30,1123.95,1124.85,1123.5,1123.55,10819
2020-12-02 13:56:00+05:30,1123.75,1123.95,1123,1123.2,8458
2020-12-02 13:57:00+05:30,1123,1123.95,1123,1123.3,8381
2020-12-02 13:58:00+05:30,1123.2,1123.8,1123,1123.3,5977
2020-12-02 13:59:00+05:30,1123.35,1124.95,1123.05,1124.2,7357
2020-12-02 14:00:00+05:30,1124,1124,1123,1123.3,10330
2020-12-02 14:01:00+05:30,1123.1,1123.95,1123.1,1123.65,5466
2020-12-02 14:02:00+05:30,1123.4,1123.4,1123,1123.3,5276
2020-12-02 14:03:00+05:30,1123.15,1124,1123,1123.5,5897
2020-12-02 14:04:00+05:30,1123.5,1123.75,1123.15,1123.15,7131
2020-12-02 14:05:00+05:30,1123.15,1123.3,1122,1122,17084
2020-12-02 14:06:00+05:30,1122.15,1122.45,1121.4,1122.05,20922
2020-12-02 14:07:00+05:30,1121.65,1122.15,1121.5,1121.6,8032
2020-12-02 14:08:00+05:30,1122,1122,1121.15,1121.5,12835
2020-12-02 14:09:00+05:30,1121.6,1122.9,1121.5,1122.75,10068
2020-12-02 14:10:00+05:30,1122.5,1122.95,1122.25,1122.3,9649
2020-12-02 14:11:00+05:30,1122.65,1122.8,1122,1122.15,8707
2020-12-02 14:12:00+05:30,1122.15,1122.5,1121.8,1122.4,8762
2020-12-02 14:13:00+05:30,1122.4,1123.4,1122,1123.3,10480
2020-12-02 14:14:00+05:30,1123.45,1124.5,1123,1124.5,15255
2020-12-02 14:15:00+05:30,1124.25,1124.4,1123.5,1123.8,7797
2020-12-02 14:16:00+05:30,1123.65,1124.35,1123.5,1124,8891
2020-12-02 14:17:00+05:30,1123.75,1124,1123.35,1123.85,8441
2020-12-02 14:18:00+05:30,1123.65,1124.5,1123.2,1124.25,13589
2020-12-02 14:19:00+05:30,1124.25,1125,1123.8,1125,13595
2020-12-02 14:20:00+05:30,1125,1125.5,1124.3,1124.7,20531
2020-12-02 14:21:00+05:30,1124.3,1125,1124.1,1124.75,11272
2020-12-02 14:22:00+05:30,1124.7,1125.8,1124,1124.6,27770
2020-12-02 14:23:00+05:30,1124.6,1125,1124.5,1124.5,9871
2020-12-02 14:24:00+05:30,1124.5,1125.15,1124.5,1125,17117
2020-12-02 14:25:00+05:30,1124.6,1125,1124.35,1124.5,17035
2020-12-02 14:26:00+05:30,1124.5,1125,1124.1,1124.9,8778
2020-12-02 14:27:00+05:30,1124.45,1125.3,1124.45,1124.85,15922
2020-12-02 14:28:00+05:30,1124.85,1125.3,1124.7,1125,14108
2020-12-02 14:29:00+05:30,1125,1125.15,1124.55,1125,15285
2020-12-02 14:30:00+05:30,1124.65,1125.5,1124.65,1125,26674
2020-12-02 14:31:00+05:30,1124.75,1125.5,1124.55,1125,17285
2020-12-02 14:32:00+05:30,1125,1127.85,1125,1127.5,28174
2020-12-02 14:33:00+05:30,1127.9,1127.9,1126.55,1127.3,21854
2020-12-02 14:34:00+05:30,1126.8,1127.3,1126.35,1126.5,14485
2020-12-02 14:35:00+05:30,1126.45,1126.5,1125.3,1126.3,18302
2020-12-02 14:36:00+05:30,1126,1126.35,1125.75,1126.35,7663
2020-12-02 14:37:00+05:30,1126.3,1126.35,1125.75,1126.3,14003
2020-12-02 14:38:00+05:30,1126.05,1126.3,1126,1126.2,5109
2020-12-02 14:39:00+05:30,1126.15,1126.2,1125,1125.05,12338
2020-12-02 14:40:00+05:30,1125,1125.05,1124,1124.85,17564
2020-12-02 14:41:00+05:30,1124.85,1125.35,1124.6,1125.15,10190
2020-12-02 14:42:00+05:30,1125.1,1126.15,1124.85,1125.85,17327
2020-12-02 14:43:00+05:30,1125.8,1126.3,1125.8,1126.3,8742
2020-12-02 14:44:00+05:30,1126.3,1127.5,1125.85,1127.5,36161
2020-12-02 14:45:00+05:30,1127.6,1128,1127,1128,24068
2020-12-02 14:46:00+05:30,1127.65,1127.85,1127.25,1127.5,12331
2020-12-02 14:47:00+05:30,1127.45,1129.95,1127.45,1129.95,40020
2020-12-02 14:48:00+05:30,1129.8,1131,1128.6,1130.85,50147
2020-12-02 14:49:00+05:30,1130.5,1131.3,1130.05,1131.25,42841
2020-12-02 14:50:00+05:30,1131.5,1133,1131.25,1132.4,61517
2020-12-02 14:51:00+05:30,1132.35,1132.4,1131.25,1131.8,21304
2020-12-02 14:52:00+05:30,1131.8,1132.65,1131.5,1131.7,27684
2020-12-02 14:53:00+05:30,1131.75,1131.75,1128.8,1129.65,25047
2020-12-02 14:54:00+05:30,1129.65,1130.6,1129,1130.6,29879
2020-12-02 14:55:00+05:30,1130.35,1131,1130,1130.05,15000
2020-12-02 14:56:00+05:30,1130.3,1130.4,1129.3,1129.8,21041
2020-12-02 14:57:00+05:30,1129.45,1130.05,1129,1130.05,15417
2020-12-02 14:58:00+05:30,1130.1,1130.9,1129.9,1130.3,16888
2020-12-02 14:59:00+05:30,1130.3,1130.95,1130.25,1130.5,14299
2020-12-02 15:00:00+05:30,1130.5,1133.35,1130.5,1133.3,48615
2020-12-02 15:01:00+05:30,1133.3,1134,1133,1133.4,64493
2020-12-02 15:02:00+05:30,1133.2,1135.6,1133.2,1134.7,76607
2020-12-02 15:03:00+05:30,1134.6,1134.8,1133.4,1134.15,41378
2020-12-02 15:04:00+05:30,1134.15,1136.95,1134,1136.45,39722
2020-12-02 15:05:00+05:30,1136.75,1137.15,1135,1136.35,47054
2020-12-02 15:06:00+05:30,1136.4,1138.3,1136.4,1138.3,68336
2020-12-02 15:07:00+05:30,1138.3,1141.95,1138.05,1141.85,169620
2020-12-02 15:08:00+05:30,1141.85,1142,1140.3,1141.8,80533
2020-12-02 15:09:00+05:30,1142,1143.7,1141.5,1143.6,78105
2020-12-02 15:10:00+05:30,1143.6,1146.5,1143.2,1146.5,98655
2020-12-02 15:11:00+05:30,1146,1147.2,1145.05,1145.55,76677
2020-12-02 15:12:00+05:30,1145.15,1145.95,1144.15,1144.7,71964
2020-12-02 15:13:00+05:30,1144.7,1145.5,1143,1143.1,76364
2020-12-02 15:14:00+05:30,1143,1143.95,1143,1143.55,43401
2020-12-02 15:15:00+05:30,1143.05,1143.25,1141.65,1141.7,46606
2020-12-02 15:16:00+05:30,1141.6,1142,1141.1,1141.2,44689
2020-12-02 15:17:00+05:30,1141.65,1142.2,1141.1,1141.1,42529
2020-12-02 15:18:00+05:30,1141.05,1143,1141.05,1143,46693
2020-12-02 15:19:00+05:30,1142.75,1143.85,1142.75,1143.25,54728
2020-12-02 15:20:00+05:30,1143.25,1143.3,1142,1142.45,62219
2020-12-02 15:21:00+05:30,1143,1143.8,1142,1142.3,66412
2020-12-02 15:22:00+05:30,1142,1142.9,1141.55,1142.35,40182
2020-12-02 15:23:00+05:30,1142.35,1142.95,1142.1,1142.45,31047
2020-12-02 15:24:00+05:30,1142.45,1142.5,1141.7,1142.2,37776
2020-12-02 15:25:00+05:30,1142.15,1142.7,1141.9,1141.9,26816
2020-12-02 15:26:00+05:30,1141.9,1142.5,1141.9,1142.45,28291
2020-12-02 15:27:00+05:30,1142.4,1142.45,1141.1,1141.5,35146
2020-12-02 15:28:00+05:30,1141.8,1142,1141.15,1141.4,29531
2020-12-02 15:29:00+05:30,1141.5,1142,1141.05,1142,15264
